@lat	@lon	name	addr:street	addr:housenumber	addr:postcode	addr:city	cuisine	website
47.3361381	8.5322408	Il Grappolo	Widmerstrasse	64	8038	Zürich	italian;pizza	https://www.restaurant-ilgrappolo.ch/
47.3441320	8.5326994	yan-ruyi					chinese	http://ruyi-restaurant.ch/
47.3441844	8.5331028	Renggergut						
47.3435586	8.5368559	Ziegel oh Lac	Seestrasse	407	8038	Zürich		http://www.ziegelohlac.ch/
47.3828070	8.4929412	UBS Restaurant Flur	Flurstrasse	70	8048	Zürich		
47.3814984	8.5025715	Shilla					korean	https://www.shilla.ch/
47.3825781	8.5012681	Da Cono	Badenerstrasse	526	8048	Zürich	italian	http://www.dacono.ch/
47.3842422	8.4978272	Pizza Züri					italian	
47.3841009	8.4964028	Turbinenhalle	Badenerstrasse	571	8048	Zürich	burger;regional	http://www.turbinenhalle.ch
47.3765101	8.5112790	Z am Park	Zurlindenstrasse	275	8003	Zürich		http://zampark.ch
47.4097670	8.5374793	Gabbiano Pizza & Pasta	Regensbergstrasse	186	8050	Zürich	pizza;italian;burger	http://www.gabbiano-exp.ch/
47.3703727	8.5399233	Zeughauskeller	Bahnhofstrasse	28a	8001	Zürich		https://www.zeughauskeller.ch/
47.3849796	8.5482469	Zum Alten Löwen	Universitätstrasse	111	8006	Zürich		https://www.altenloewen.ch/
47.3420405	8.5304612	Cafe Medina	Albisstrasse	72				http://www.cafemedina.ch/
47.3733042	8.5367495	Haus Hiltl	Sihlstrasse	28	8001	Zürich		https://hiltl.ch/
47.3794422	8.5470198	Ristorante Culmann	Culmannstrasse	1	8006	Zürich	italian;pizza	
47.3797201	8.5469255	La Fontana					italian	https://www.instagram.com/la_fontana_zurich/
47.4001030	8.5436425	Il Postino	Schaffhauserstrasse	188	8057	Zürich	italian;pizza	http://www.ilpostino.ch/
47.3910962	8.4888858	Peking Garden	Hohlstrasse	560	8048	Zürich	chinese	https://www.peking-garden.ch/pg_restaurant/zuerich-altstetten/
47.4292515	8.4893752	Waldhaus Katzensee					regional	https://waldhaus-katzensee.ch/
47.3734628	8.5534720	Oberhof	Zürichbergstrasse	24	8032	Zürich	regional	http://www.restaurant-oberhof.ch/
47.3835914	8.5283234	Dar	Gasometerstrasse	5	8005	Zürich	moroccan	https://www.restaurantdar.com/
47.3697879	8.5563885	Rosengarten	Gemeindestrasse	60	8032	Zürich		https://www.rosengarten.ch/
47.3761503	8.5593740	Grain						https://grain.ch/
47.3995321	8.5727756	Wirtschaft Ziegelhütte	Hüttenkopfstrasse	70	8050	Zürich		http://www.wirtschaft-ziegelhuette.ch/
47.3773106	8.5130089	pho 50						
47.3761581	8.5147672	Taverne da Angelo					italian	http://www.taverne-da-angelo.ch/
47.4145066	8.5330149	Tasteria	Robert-Maillart-Strasse	14	8050	Zürich		
47.4143917	8.5394550	Kai Sushi	Ellen-Widmann-Weg	2	8050	Zürich	sushi	https://kaisushi.ch/de/standorte/kai-sushi-oerlikon/
47.3639501	8.5201156	Ploy-Thai	Uetlibergstrasse	38	8045	Zürich	asian	http://www.ploy-thai-restaurant.ch
47.3697414	8.5100698	Shangrila Tibet	Birmensdorferstrasse	297	8055	Zürich	asian	https://www.shangrila-tibet.ch/
47.3625799	8.5191275	Mezzo					italian	https://mezzo.ch/
47.3641859	8.5204226	Verona					italian;pizza	https://www.restaurantverona.ch/
47.3651417	8.5200023	Hopfenau	Hopfenstrasse	19	8045	Zürich	regional	https://hopfenau.ch/
47.3673432	8.5200355	Jane Fine Food						https://janefindefood.com
47.3592215	8.5162289	Swaad	Uetlibergstrasse	166	8045	Zürich	indian;thai	http://www.swaad.ch/
47.3613874	8.5494120	Latino	Seegartenstrasse	14	8008	Zürich		https://www.hotel-seegarten.ch/
47.3618394	8.5506873	Ginger	Seefeldstrasse	62	8008	Zürich	sushi	http://ginger-restaurant.ch/
47.3618934	8.5510330	Tiffins	Seefeldstrasse	61	8008	Zürich	asian	http://www.tiffins.ch/
47.3630112	8.5495281	Asian Moon	Seefeldstrasse	40	8008	Zürich	asian	https://suan-long.ch/asianmoon/
47.3675511	8.5457188	Kronenhalle	Rämistrasse	4	8001	Zürich	french;regional	
47.3678872	8.5443882	Terrasse Restaurant	Limmatquai	3	8001	Zürich		https://www.bindella.ch/de/terrasse-restaurant.html
47.3677915	8.5451575	Café/Bar Odeon	Limmatquai	2				http://www.odeon.ch/
47.3673843	8.5458541	Rosalys	Freieckgasse	7	8001	Zürich	french;regional	https://www.rosalys.ch/
47.3670484	8.5462454	Union Diner	St. Urbangasse	4	8001	Zürich	burger	https://uniondiner.ch/en/bellevue
47.3671867	8.5464840	Yoojis	St. Urbangasse	8	8001	Zürich	sushi	https://www.yoojis.com/standorte/zuerich-i-bellevue/
47.3659313	8.5490837	Commercio	Mühlebachstrasse	2	8008	Zürich	italian	https://www.commercio.ch/commercio/
47.3641688	8.5472235	Quaglinos	Dufourstrasse	4	8008	Zürich	french	https://quaglinos.ch/
47.3639960	8.5473846	Du Théatre						http://www.du-theatre.ch/
47.3606695	8.5499916	Amalfi	Mainaustrasse	23	8008	Zürich	italian	https://www.bindella.ch/de/amalfi.html
47.3637174	8.5494425	Bimi	Seefeldstrasse	25	8008	Zürich	japanese	https://www.swissbimi.ch/
47.3646954	8.5485500	PurPur						http://www.purpurzurich.ch/card.htm
47.3637531	8.5462955	Restaurant Pumpstation	Utoquai	10	8008	Zürich		http://www.pumpstation.ch/
47.3647890	8.5548938	Bohemia	Klosbachstrasse	2	8032	Zürich	american	http://www.bohemia.ch/
47.3651655	8.5545256	Nooba	Kreuzplatz	5	8032	Zürich	asian	https://www.nooba.ch/
47.3582879	8.5541672	Yoojis	Seefeldstrasse	115	8008	Zürich	sushi	https://www.yoojis.com/standorte/sushi-im-seefeld-zuerich/
47.3575819	8.5575836	Gesundheitszentrum für das Alter Wildbach						
47.3627304	8.5545618	Ländli	Feldeggstrasse	87	8008	Zürich		https://www.laendlizueri.ch/gastronomie/
47.3663196	8.5467367	Santa Lucia	Theaterstrasse	10	8001	Zürich	pizza;italian	https://www.bindella.ch/de/santa-lucia-corso.html
47.3649869	8.5460635	Bernadette	Sechseläutenplatz	1	8001	Zürich		https://www.bernadette.ch/
47.4179171	8.4826063	Grünwald	Regensdorferstrasse	237	8049	Zürich		http://www.gruenwald.ch/
47.3682061	8.5456652	Weisse Rose	Torgasse	9				
47.3690028	8.5500485	Minine	Zeltweg	12			sushi	https://www.mininesushi.com/
47.3597536	8.5524861	NA081	Seefeldstrasse	96	8008	Zürich	italian	https://na081.ch/seefeld/
47.3673483	8.5675093	Sonnenberg	Hitzigweg	15			regional;italian	https://sonnenberg-zurich.ch/
47.3654698	8.5636573	Aroma	Asylstrasse	110			italian	http://www.ristorante-aroma.ch/
47.3632165	8.5599915	Zentrum Hegibach						
47.3623472	8.5587815	Lin Lin	Forchstrasse	76	8008	Zürich	chinese;thai	
47.3615601	8.5603652	ButchersTable	Neumünsterstrasse	34	8008	Zürich	bbq	https://www.williamsbutcherstable.ch/
47.3603204	8.5611887	Wynegg						
47.3596206	8.5585046	Neumünster	Hammerstrasse	10	8008	Zürich		http://www.restaurant-neumuenster.ch/
47.3519701	8.5580482	Strand-Restaurant Tiefenbrunnen						http://www.tiefenbrunnen.ch/
47.3703441	8.5522040	Wolfbach	Wolfbachstrasse	35	8032			
47.3697919	8.5529812	Afghan Anar	Hottingerstrasse	27	8032	Zürich	afghan;oriental	https://www.afghananar.ch/
47.3681833	8.5451811	Blockhus	Kruggasse	2	8001	Zürich	regional	https://restaurant-blockhus.ch/
47.3688249	8.5455086	Weisser Wind						https://weisserwind.ch/
47.3687595	8.5445743	Papa Joes Zürich					american	https://www.papajoes.ch/de/Restaurants/
47.3690472	8.5439586	Molino	Limmatquai	16	8001	Zürich	pizza	https://molino.ch/de/pizzeria-ristorante-molino-select
47.3700612	8.5416945	Zunfthaus zur Meisen	Münsterhof	20	8001	Zürich		http://www.zunfthaus-zur-meisen.ch/
47.3707349	8.5479863	Kunsthaus						
47.3701032	8.5401242	Orsini						
47.3700603	8.5398264	Santa Lucia	Waaggasse	5	8001	Zürich	pizza	https://www.bindella.ch/de/santa-lucia-paradeplatz.html
47.3702715	8.5401314	Heugümper	Waaggasse	4	8001	Zürich		https://www.restaurantheuguemper.ch/
47.3702401	8.5403116	Zunfthaus zur Waag	Münsterhof	8	8001	Zürich		https://zunfthaus-zur-waag.ch/
47.3700185	8.5403502	Münsterhöfli	Münsterhof	6	8001	Zürich		https://www.muensterhoefli.ch/
47.3693000	8.5405687	Puro						https://www.simplypuro.ch/
47.3689961	8.5402339	Milchbar	Kappelergasse	16	8001	Zürich		http://www.milchbar.ch/
47.3670788	8.5477023	Outback Lodge	Stadelhoferstrasse	18	8001	Zürich		https://www.outback-lodge.ch/stadelhofen
47.3661112	8.5486513	Weisses Kreuz	Falkenstrasse	27	8008	Zürich	regional	http://restaurant-weisseskreuz.ch/
47.3654324	8.5478765	Migros Restaurant	Falkenstrasse	19-21	8008	Zürich	international	https://filialen.migros.ch/de/migros-restaurant-zuerich-stadelhofen
47.3841997	8.5741522	Outpost						
47.3843967	8.5751844	Dieci Restaurant	Zürichbergstrasse	231	8044	Zürich	italian;pizza	https://www.dieci.ch/de/restaurant-zuerich-zoo
47.3490341	8.5631953	La Trattoria Blumenau	Seefeldstrasse	269	8008	Zürich	italian	http://trattoria-blumenau.ch/
47.3578267	8.5724184	Burgwies	Forchstrasse	271	8008	Zürich	regional	http://www.burgwies.ch/
47.3604653	8.5670716	Wilder Mann	Freiestrasse	221	8032	Zürich		https://www.wilder-mann.ch/
47.3608497	8.5665611	Antiquaria da marco						
47.3602234	8.5655522	Marcellino Pane e Vino					italian	
47.3643316	8.5545739	Royal Panda	Forchstrasse	2	8008	Zürich	asian	https://www.royal-panda.ch/
47.3731180	8.5417898	Restaurant Schipfe 16	Schipfe	16				https://www.stadt-zuerich.ch/sd/de/index/stadtleben/gastronomie/schipfe16/restaurant.html
47.3743748	8.5394674	Brasserie Lipp	Uraniastrasse	9	8001	Zürich	french	https://www.brasserie-lipp.ch/
47.3751744	8.5397124	Lotti	Werdmühleplatz	3	8001	Zürich		https://www.lotti-lokal.ch/
47.3643407	8.5470929	Silk						
47.3676208	8.5373768	Trinity						https://www.trinity-swiss.ch/
47.3650488	8.5486637	Chetis Curry					indian	
47.3761856	8.5413414	Dupont Brasserie & Bar	Beatenplatz	4	8001	Zürich	international	https://dupont.ch/
47.3761821	8.5402129	Sala of Tokyo					japanese	https://sala-of-tokyo.ch/
47.3722057	8.5437442	Santa Lucia	Marktgasse	21	8001	Zürich	pizza;italian	https://www.bindella.ch/de/santa-lucia-niederdorf.html
47.3766974	8.5388369	Walliser Kanne	Lintheschergasse	21	8001	Zürich	regional	https://www.walliserkanne-zuerich.ch/
47.3760414	8.5384703	SAMS Pizza Land	Schweizergasse	6	8001	Zürich	american	https://www.samspizza.ch/
47.3771005	8.5375221	Schützengasse	Schützengasse	32	8001	Zürich		https://www.schuetzengasse.com/
47.3743934	8.5355490	Astra					greek	https://astra-kitchenbar.ch/
47.4097743	8.5373570	Pathila Snacks	Regensbergstrasse	188	8050	Zürich		
47.3729055	8.5366859	Glogge-Egge	Sihlstrasse	31	8001	Zürich		https://www.glockenhof.ch/de/restaurants/restaurant_glogge_egge
47.3722044	8.5371777	James Joyce	Pelikanstrasse	8	8001	Zürich	international	http://www.jamesjoyce.ch/
47.3732035	8.5379816	Aurora						
47.3735998	8.5447955	Café Zähringer	Zähringerplatz	11	8001	Zürich	regional	https://www.zaehringer.ch/
47.3601980	8.5333948	Il Tartufo						
47.3600645	8.5340786	LAltro	Sternenstrasse	11	8002	Zürich	italian	https://www.l-altro.ch/
47.3597047	8.5318434	Sternen Da Guido	Seestrasse	82	8002	Zürich	italian;pizza	http://www.daguido.ch/
47.3635082	8.5323081	San Marco						
47.3635147	8.5339001	La Mimosa	General-Wille-Strasse	8	8002	Zürich	pizza	http://la-mimosa.ch/
47.3658410	8.5325611	Juan Costa «Old Inn»	Bleicherweg	47	8002	Zürich	spanish	http://www.juancosta.ch/
47.3643619	8.5321354	Fujiya of Japan						
47.3878614	8.5244404	Don Weber					mexican	https://donweber.ch/
47.3938063	8.5131772	Quartier 5 Restaurant & Bar	Hardturmstrasse	126	8005	Zürich		https://quartier5.ch/
47.3936029	8.5078042	Cucina	Hardturmstrasse	261	8005	Zürich	italian;pizza	https://www.cucinarestaurant.ch/
47.3726835	8.5282107	Bubbles	Strassburgstrasse	15	8004	Zürich	coffee_shop	
47.3851137	8.5362371	Primitivo	Wasserwerkstrasse					
47.3972186	8.5408921	Restaurant Kreuzstrasse / Pizzeria Incrocio	Schaffhauserstrasse	133	8057	Zürich	italian;pizza	https://pizzeria-incrocio.ch/
47.3878633	8.5186448	Les Halles	Pfingstweidstrasse	6	8005	Zürich	french	https://www.les-halles.ch
47.3900555	8.5179098	Toscano im Puls 5	Giessereistrasse	12	8005	Zürich	italian	https://ristorante-toscano.ch/puls5/
47.4143333	8.5403532	Fusio	Max-Bill-Platz	15	8050	Zürich	pizza;italian	https://fusio-zurich.ch/
47.3999623	8.5154056	Die Waid	Waidbadstrasse	45	8037	Zürich		http://diewaid.ch/
47.3772976	8.5269997	Sonne	Hohlstrasse	32				
47.4198706	8.5480159	Rebstock	Schaffhauserstrasse	469	8052	Zürich		http://www.rebstock-seebach.ch/
47.4202502	8.5484299	Dông Quê	Schaffhauserstrasse	475	8052	Zürich	vietnamese	http://www.dongque1668.ch/
47.4215396	8.5493818	Landhus						http://www.landhus-zuerich.ch/
47.4194842	8.5469086	Family Grill	Bahnhaldenstrasse	2a	8052	Zürich	bosnian	
47.4107063	8.5448251	Mamma Mia	Nansenstrasse	9	8050	Zürich	italian	http://mammamia.ch/
47.4100617	8.5464781	Metzgerhalle	Schaffhauserstrasse	354	8050	Zürich	regional	https://metzgerhalle-oerlikon.ch/
47.4098258	8.5464212	Rollis Steakhouse	Schaffhauserstrasse	352	8050	Zürich	steak_house	http://rollis-steakhouse.ch
47.4109387	8.5469906	Bellucci	Dörflistrasse	117	8050	Zürich	italian	https://bellucci.ch/
47.3756685	8.5243755	Kobal	Kanzleistrasse	78	8004	Zürich	indian	
47.3788109	8.4955083	Cube	Albisriederstrasse	245				http://www.cube-restaurant.ch/
47.3775520	8.4983437	Nikos	Albisriederstrasse	181	8047	Zürich	greek	https://www.nikos-taverne.ch/
47.3775516	8.5262968	Tenz Momo	Hohlstrasse	44	8004	Zürich	tibetan	https://www.tenz.ch
47.4148171	8.5408969	Jaime El Barco	Otto-Schütz-Weg	5	8050	Zürich		
47.4143135	8.5408549	Kitchen & Bar by Courtyard	Max-Bill-Platz	19	8050	Zürich		
47.4092055	8.5462331	Santa Lucia	Schaffhauserstrasse	345	8050	Zürich	pizza	https://www.bindella.ch/de/santa-lucia-oerlikon.html
47.4099302	8.5457062	Cheyenne	Querstrasse	3	8050	Zürich	american	https://www.cheyenne-oerlikon.ch
47.3792831	8.4948742	Il Salento					pizza	http://www.il-salento.ch/
47.3761736	8.5223010	La Baracca	Kanzleistrasse	103			italian	www.osteria-santobevitore.ch/#la-baracca-ristorante
47.3739825	8.5222246	Chichería Cantina	Köchlistrasse	35	8004	Zürich	peruvian	https://www.cantinazurich.ch/
47.3750390	8.5281814	Fribourger Stübli	Rotwandstrasse	38			regional;swiss	https://www.fribourger-fondue-stuebli.ch/
47.3825398	8.5296036	LILYS	Langstrasse	197	8005	Zürich	asian	https://lilys.ch/
47.3758295	8.5164278	FiveSpice	Sihlfeldstrasse	81	8004	Zürich	thai	https://www.fivespices.biz/
47.3648644	8.5323649	Nooch Asian Kitchen	Gotthardstrasse	62	8002	Zürich	asian;sushi	https://www.nooch.ch/nooch-zuerich-enge
47.3748589	8.5244037	Suan Long	Langstrasse	11	8004	Zürich	chinese;thai	https://suan-long.ch/suanlong/
47.3744220	8.5239732	Yuma	Badenerstrasse	120	8004	Zürich		https://www.yuma-zurich.ch/
47.3724091	8.5232069	Elisaburg	Elisabethenstrasse	3	8004	Zürich	regional	https://www.elisaburg.ch/
47.3738833	8.5264947	Le Cedre	Badenerstrasse	78	8004	Zürich	lebanese	https://libanesisch.ch/
47.3779936	8.4926226	Sarajevska Ćevabdžinica	Freilagerstrasse	1	8047	Zürich	balkan;pizza;croatian;serbian;bosnian	
47.3761196	8.5163348	Derby	Sihlfeldstrasse	85	8004	Zürich	pizza	https://restaurantderby.ch/
47.3764320	8.5162699	Rosi	Sihlfeldstrasse	89	8004	Zürich		https://www.rosi.restaurant/
47.3778609	8.5211491	EquiTable	Stauffacherstrasse	163	8004	Zürich		https://www.equi-table.ch
47.3750930	8.5178314	LArtista						https://lartista.ch/
47.3745008	8.5168115	Santo Ristorante	Sihlfeldstrasse	45	8003	Zürich	italian	http://www.santo-zurigo.ch/
47.3752506	8.5165887	Miki Ramen	Sihlfeldstrasse	63	8003	Zürich	japanese;ramen	http://www.miki-ramen.ch/
47.3730187	8.5289781	Masala	Stauffacherstrasse	27	8004	Zürich	indian	http://www.masala.ch
47.4202260	8.5085756	Migros Restaurant	Jonas-Furrer-Strasse	21	8046	Zürich	international	https://filialen.migros.ch/de/migros-restaurant-zuerich-affoltern
47.3702232	8.5318280	Antica Roma	Sihlamtsstrasse	5	8001	Zürich	italian	https://www.antica-roma.ch/
47.3743750	8.5177655	Da Pepino	Weststrasse	180	8003	Zürich	pizza	http://www.dapepino-ecke-express.ch/
47.3759081	8.5441559	Rheinfelder Bierhalle	Niederdorfstrasse	76	8001	Zürich		http://rheinfelder.ch/
47.3697813	8.5445846	Karl der Grosse	Kirchgasse	14	8001	Zürich	bistro	https://www.stadt-zuerich.ch/karldergrosse
47.3993584	8.4893633	Restaurant Werdinsel	Werdinsel	1a	8049	Zürich	regional	https://www.werdinsel.com/
47.3770714	8.5327288	Camino					italian	
47.3807554	8.5040594	Ooki Pavillon	Badenerstrasse	457	8003	Zürich	japanese	https://pavillon.ooki.tokyo/
47.3867368	8.5340332	Stazione Paradiso	Wasserwerkstrasse	89a	8037	Zürich		https://www.stazioneparadiso.ch/
47.4079092	8.5096499	SV Food Market Mensa						
47.3763026	8.5465369	SV Mensa Polyterrasse	Leonhardstrasse	34	8092	Zürich		https://www.ethz.ch/de/campus/erleben/gastronomie-und-einkaufen/gastronomie/restaurants-und-cafeterias/zentrum/mensa-polyterrasse.html
47.3772558	8.5470004	Clausiusbar					asian	https://clausiusbar.sv-restaurant.ch/
47.3783140	8.5488050	food&lab	Universitätstrasse	6	8092	Zürich	fusion	https://ethz.ch/de/campus/erleben/gastronomie-und-einkaufen/gastronomie/restaurants-und-cafeterias/zentrum/food-lab.html
47.3745749	8.5320124	Bernerhof	Zeughausstrasse	1				
47.3763729	8.5292946	Ristorante Italia	Zeughausstrasse	61	8004	Zürich	italian	http://www.ristorante-italia.ch/
47.3962653	8.5402882	Gonzalez	Schaffhauserstrasse	121	8057	Zürich	spanish	http://www.restaurant-gonzalez.ch/
47.3757513	8.5441431	Johanniter	Niederdorfstrasse	70	8001	Zürich		https://www.johanniter.com/
47.3758264	8.5438660	Bierhalle Wolf	Limmatquai	132	8001	Zürich		https://www.bierhalle-wolf.ch/
47.3714506	8.5401480	Taos						
47.3706516	8.5402164	Kropf						
47.3706846	8.5406432	Bindella	In Gassen	6	8001	Zürich	italian	https://www.bindella.ch/de/bindella-zuerich.html
47.3773665	8.5261690	Aargauerhof	Hohlstrasse	43			regional;swiss	http://restaurant-aargauerhof.ch/
47.3721828	8.5439082	Zunfthaus zur Schmiden	Marktgasse	20	8001	Zürich		
47.3724275	8.5455328	Kantorei	Neumarkt	2			italian	https://restaurantkantorei.ch
47.3731698	8.5448295	Isebähnli	Froschaugasse	26			regional	
47.3748641	8.5149777	Bei Babette	Bertastrasse	16	8003	Zürich	french;organic;regional	
47.3723327	8.5104366	Schiwago	Bertastrasse	76	8003	Zürich	swiss	http://www.levante.ch/
47.3704984	8.5099138	Treffpunkt					asian	
47.3769125	8.5258364	Gotthard	Langstrasse	63				
47.3726012	8.5273865	Yu-An	Werdstrasse	66	8004	Zürich	japanese	https://www.yu-an.ch/
47.3722450	8.5289743	Ristorante Bar Certo	Strassburgstrasse	5	8004	Zürich	italian	https://certo.ch/
47.3732235	8.5237696	Köchlistube	Köchlistrasse	6	8004	Zürich	regional	
47.3716325	8.5363568	Kaufleuten Restaurant	Pelikanplatz		8001	Zürich		https://kaufleuten.ch/restaurant
47.3818740	8.5338089	Uncle 7	Konradstrasse	68	8005	Zürich	chinese;cantonese	https://chinarestaurantuncle7.business.site/
47.3819982	8.5336329	Vulkan	Klingenstrasse	33	8005	Zürich	indian	https://www.restaurant-vulkan.ch
47.3777467	8.5244364	Restaurant B	Hohlstrasse	67	8004	Zürich	bistro_brasserie	http://www.baeckeranlage.ch/restaurant.htm
47.3840928	8.5108387	Eglihof					italian;pizza	https://eglihof.restaurant/
47.3848593	8.5084472	Santa Lucia Subito					italian;pizza	https://www.bindella.ch/gastronomie/santa-lucia-hohlstrasse-subito
47.3865398	8.5414596	Pizzeria Corallo					italian;pizza	
47.3861132	8.5452851	Kreis 6	Scheuchzerstrasse	65				http://restaurantkreis6.ch
47.3830272	8.5396636	Chuchi am Wasser				Zürich	cake;coffee_shop	https://www.dynamo.ch/restaurant-bar
47.3789264	8.5444684	Pizza Pasta Ciao	Weinbergstrasse	26	8001	Zürich	italian	
47.4242466	8.5251723	Restaurant Waidhof					swiss	https://www.restaurant-waidhof.ch/
47.3715334	8.5457722	zum Grünen Glas	Untere Zäune	15				https://www.gruenesglas.ch/
47.3727200	8.5438402	Piadina Bar	Niederdorfstrasse	2	8001	Zürich		https://www.piadina-bar-margherita.ch/
47.3708573	8.5432024	Haus zum Rüden	Limmatquai	42	8001	Zürich		https://www.haus-zum-rueden.ch/
47.3708655	8.5438060	Mère Catherine	Nägelihof	3	8001	Zürich	french	https://www.mere-catherine.ch/
47.3710439	8.5243290	Arcade Pizzeria					pizza	https://arcadepizzeria.ch/
47.3764199	8.5441261	Weinstube 1923	Limmatquai	142	8001	Zürich		https://weinstube1923.ch/
47.3760133	8.5441095	La Pasta						
47.3758260	8.5441268	Da Raffaele	Niederdorfstrasse	74	8001	Zürich		
47.3756656	8.5441177	N-68	Niederdorfstrasse	68	8001	Zürich		https://www.n68.ch/
47.3754161	8.5440085	Rank	Niederdorfstrasse	60	8001	Zürich		https://amrank.ch/
47.3753537	8.5439974	Rank						
47.3748977	8.5437335	Tasca Romero	Niederdorfstrasse	37				
47.3746589	8.5437374	Osteria Borgo						
47.3736974	8.5436412	Steakhouse Old Town	Niederdorfstrasse	19			steak_house	
47.3734874	8.5436348	Vallocaia	Niederdorfstrasse	15	8001	Zürich	italian	https://www.bindella.ch/de/vallocaia.html
47.3730001	8.5438598	Brasserie Louis	Niederdorfstrasse	10	8001	Zürich		https://brasserie-louis.ch/
47.3729061	8.5436598	Spaghetti Factory	Niederdorfstrasse	5	8001	Zürich	pasta	https://www.bindella.ch/de/spaghetti-factory-rosenhof.html
47.3729877	8.5436586	Trattoria Sempre	Niederdorfstrasse	7	8001	Zürich	italian	https://www.bindella.ch/gastronomie/trattoria-sempre
47.3723807	8.5439299	Raclette Factory						https://www.raclette-factory.ch/
47.3721304	8.5437352	Rheinfelder Bierhaus	Marktgasse	19	8001	Zürich	regional	http://restaurant-rheinfelderbierhaus.ch/
47.3713520	8.5446469	Restaurant Schlauch	Obere Zäune	17				https://cafeschlauch.ch/
47.3712211	8.5441611	Bodega Española	Münstergasse	15			spanish	
47.3405767	8.5381016	Wöschi						https://www.woeschi.ch/
47.4190936	8.5473401	Nationalhof					lebanese	
47.4195084	8.5439267	Blue Pizza Sunneberg	Bahnhaldenstrasse	32				http://www.bluepizza.ch
47.3584830	8.5229939	Vapiano	Kalanderplatz	9	8045	Zürich	italian	
47.3585224	8.5233652	Hong-Kong Food Paradise	Kalanderplatz	10	8045	Zürich	chinese	http://hongkongfoodparadise.ch/store_locator/sihlcity-2/
47.3886695	8.5191166	LaSalle	Schiffbaustrasse	4	8005	Zürich	regional	https://www.lasalle-restaurant.ch
47.3786937	8.5065553	Paprika	Brahmsstrasse	22	8003	Zürich		
47.4085258	8.5464126	Sternen	Schaffhauserstrasse	335	8050	Zürich		
47.3708935	8.5233527	Restaurant Bahnhof Wiedikon	Seebahnstrasse	33	8003	Zürich	regional;swiss	https://restaurant-bahnhofwiedikon.ch/
47.4077482	8.5078578	Fusion meal & coffee						
47.3821979	8.5317241	LA Brea SoCal Tacos	Josefstrasse		8005	Zürich	tacos;mexican	https://de.la-brea.ch
47.3826240	8.5312467	Spicy Box	Josefstrasse	77			indian	
47.3734574	8.5449046	Corazón	Brunngasse	17	8001	Zürich		
47.3887272	8.5213785	Nooch Asian Kitchen	Heinrichstrasse	267	8005	Zürich	asian;sushi	https://www.nooch.ch/nooch-zuerich-steinfels
47.3884825	8.5211173	Brauerei Steinfels	Heinrichstrasse	267	8005	Zürich	burger	https://brauerei-steinfels.ch/
47.3844648	8.5278368	Tibetasia			8005	Zürich	asian;tibetan	
47.3581573	8.5225902	Rüsterei Grill	Kalanderplatz	6	8045	Zürich	international	https://ruesterei.ch/
47.3845990	8.5275777	Damas			8005	Zürich	arab	http://www.restaurantdamas.ch
47.3720798	8.5270244	Werd						http://www.restaurant-werd.ch/
47.3731595	8.5261099	Paneolio	Cramerstrasse	8			italian	https://panelio.ch
47.3729919	8.5327533	Saigon	Sihlstrasse	97	8001	Zürich		http://www.saigon.ch/web/saigon/
47.3836276	8.5287302	Eisenhof			8005	Zürich	regional	https://www.restauranteisenhof.ch/
47.3761362	8.5338456	Cucina	Kasernenstrasse	77a	8004	Zürich	italian;pizza	https://www.cucinarestaurant.ch/
47.3885734	8.4847702	Roter Stein	Herrligstrasse	39	8048	Zürich	italian;regional	https://roter-stein.ch/
47.3933700	8.5294371	Nordbrücke	Dammstrasse	58	8037	Zürich		https://www.nordbruecke.ch/
47.3935843	8.5296761	The Artisan	Nordbrücke	4	8037	Zürich	international	https://theartisan.ch/
47.3645425	8.5207830	Chez Nhan	Uetlibergstrasse	22	8045	Zürich	vietnamese	http://cheznhan.ch/
47.3606785	8.5179538	Vietnam					vietnamese	http://restaurant-vietnam.ch/
47.3616035	8.5180157	Utoburg					"regional
swiss"	http://utoburg.ch/
47.4028170	8.5355605	Fallender Brunnenhof						
47.3780992	8.4829214	Pizzeria Untermoos	Untermoosstrasse	1	8047	Zürich		https://restaurant-untermoos.ch/
47.3750359	8.4841815	Zum Weissen Rössli	Albisriederstrasse	379	8047	Zürich	swiss	
47.4135291	8.5387892	Hong-Kong Food Paradise	Binzmühlestrasse	104	8050	Zürich	asian	http://hongkongfoodparadise.ch/store_locator/oerlikon-3/
47.3605504	8.5524597	Escoffier						
47.3602524	8.5521363	Stripped Pizza	Seefeldstrasse	88	8008	Zürich	pizza	https://www.stripped-pizza.com/
47.3938594	8.5311096	New Avataar	Rütschistrasse	29	8037	Zürich	indian	https://newavataar.com/
47.3727070	8.5198180	Zum Guten Glück	Stationsstrasse	7	8003	Zürich		
47.3822104	8.4838926	Restaurant Sonne Libanon	Altstetterstrasse	223			lebanese	http://sonnelibanon.ch/
47.3779179	8.5160184	Café Boy	Kochstrasse	2	8004	Zürich	regional	https://www.cafeboy.ch/
47.3963892	8.4823067	Villa Grillhaus						
47.3832538	8.5416447	Drei Stuben					swiss	https://www.drei-stuben.ch/
47.3831180	8.5413332	Valento	Stampfenbachstrasse	102	8006	Zürich	italian	https://valento.restaurant/
47.3781646	8.5109337	Hardhof	Badenerstrasse	344	8004	Zürich	regional	http://www.restaurant-hardhof.ch/
47.3787576	8.5270372	Gambrinus	Langstrasse	103	8004	Zürich	regional	http://gambrinus-langstrasse.ch/
47.3307586	8.5155905	La Perla Del Sud					italian	
47.3906861	8.4887363	Akara‘s	Hohlstrasse	561			kebab;pizza;turkish	https://akaras.ch/
47.3873990	8.4854595	Brasserie Spirgarten	Lindenplatz	5	8048	Zürich	regional	https://www.spirgarten.ch/de/restaurant-altstetten-zuerich.html
47.3831915	8.5000558	Restaurant Singapore	Badenerstrasse	530	8048	Zürich	asian	https://www.restaurant-singapore.ch/
47.3752173	8.5447395	Zhong Hua	Zähringerstrasse	24			chinese	
47.3791435	8.5452080	Restaurant Bocuci: Bottega & Cucina	Leonhardstrasse	1	8001	Zürich	italian	https://www.bocuci.ch/
47.3799672	8.5469246	Restaurant Haldenbach	Haldenbachstrasse	3	8006	Zürich	regional	http://www.restauranthaldenbach.ch/
47.3805744	8.5483371	Ristorante Al Forno da Angelo	Universitätstrasse	40	8006	Zürich	italian	https://de-de.facebook.com/RistoranteAlFornoDaAngelo/
47.3786854	8.5479520	Hot Pasta	Universitätstrasse	15			italian	http://hotpasta.ch/
47.3740086	8.5444869	Wien Zeile	Mühlegasse	22			austrian	https://kaiser-wienzeile.ch
47.3735273	8.5430124	Bianchi	Limmatquai	82	8001	Zürich	fish	https://www.bindella.ch/de/bianchi.html
47.3734009	8.5434614	Weinschenke	Hirschengasse	6				https://www.hirschen-zuerich.ch/weinschenke.html
47.3733831	8.5436343	Simons Steakhouse					steak_house	
47.3725790	8.5433042	Blue Monkey	Stüssihofstatt	3	8001	Zürich	thai	https://www.bluemonkey.ch/
47.3731853	8.5446831	Madrid					regional	http://www.restaurant-madrid.ch
47.3724834	8.5433829	The Butcher	Stüssihofstatt	15	8001	Zürich	burger	https://www.butcher.ch/zuerich-niederdorf
47.3724243	8.5452101	Bauern Schänke					regional	http://www.bauernschaenke.ch
47.4040619	8.5717620	Restaurant Gasthof Hirschen	Winterthurerstrasse	519	8051	Zürich		http://www.hirschen-schwamendingen.ch/
47.3689525	8.5384389	Coco Grill & Bar	Bleicherweg	1a	8001	Zürich	regional	http://www.restaurant-coco.ch/
47.3702331	8.5328922	Nagasui	Selnaustrasse	16	8001	Zürich	asian	http://www.nagasui.ch
47.3902919	8.5172402	Angkor					asian	http://www.restaurant-angkor.ch
47.3747780	8.5435430	toscano						https://ristorante-toscano.ch/
47.3745675	8.5437310	friskfisk.ch						
47.3749804	8.5445108	Walliser Keller	Zähringerstrasse	21	8001	Zürich	regional	https://walliser-keller.ch/
47.3747617	8.5447832	Raclette Stube	Zähringerstrasse	16				https://www.raclette-stube.ch/
47.3773121	8.5277904	The Bite	Brauerstrasse	15	8004	Zürich	burger	https://www.thebite.ch/
47.3755766	8.5271252	Volkshaus	Stauffacherstrasse	60	8004	Zürich		https://www.restaurantvolkshaus.ch/
47.3770799	8.5274993	Tavtai	Hohlstrasse	18	8004	Zürich	mongolian	
47.3763280	8.5278780	Brasserie Café de Paris	Ankerstrasse	113	8004	Zürich	french	https://www.brasserie-cafedeparis.ch/
47.3770439	8.5287783	Achi	Brauerstrasse	4	8004	Zürich	asian	https://www.achi.restaurant/
47.3769262	8.5284802	Thai-Food-Corner	Brauerstrasse	3			thai	
47.3779077	8.5270821	Stubä	Brauerstrasse	42	8004	Zürich		https://www.stube.me/
47.3765636	8.5290029	Trübli Bar	Zeughausstrasse	67				
47.3774661	8.5279076	Brauerhof	Brauerstrasse	26				
47.3775725	8.5257388	Schweizer Weinstube	Hohlstrasse	49			regional;swiss	
47.3784958	8.5271796	Schweizerdegen El Papi	Dienerstrasse	40				
47.4148932	8.5394998	Namaste	Ellen-Widmann-Weg	6	8050	Zürich	indian	https://namaste-oerlikon.ch
47.3925569	8.5308196	Ototo - Sushi Dining	Nordstrasse	199	8037	Zürich	japanese	https://www.ototo.ch/
47.4148230	8.5457621	Indian Palace	Schaffhauserstrasse	410	8050	Zürich	indian	https://www.indianpalace-zh.ch
47.3799445	8.5432644	Ora Thai	Stampfenbachstrasse	40			thai	https://www.orathaizuerich.ch/
47.3797772	8.5433558	Casa Ferlin	Stampfenbachstrasse	38			italian	http://www.casaferlin.ch/
47.3874963	8.5272804	Limmathof	Limmatstrasse	127	8005	Zürich		https://www.arbeitskette.ch
47.3871627	8.5284890	Alpenrose	Fabrikstrasse	12	8005	Zürich	regional	https://www.restaurantalpenrose.ch
47.3863348	8.5290357	a fatt	Limmatstrasse	189	8005	Zürich	malaysian	https://restaurant-a-fatt.business.site
47.3821082	8.5356474	Püente	Baumgasse	10	8005	Zürich	peruvian	https://puente.ch/
47.3842264	8.5319218	Millennium					pizza	
47.3787172	8.5233543	marktküche	Feldstrasse	98	8004	Zürich		https://www.marktkueche.ch/
47.3714586	8.5378013	Carlton	Bahnhofstrasse	41	8001	Zürich	international;steak_house	http://www.carlton.ch/
47.4136892	8.5410753	Coop Restaurant	Sophie-Taeuber-Strasse	4	8050	Zürich		
47.3901801	8.5400652	La Casa					pizza	https://www.ristorante-lacasa.ch
47.3905675	8.5394452	Arctika						https://arctika.restaurant
47.3791312	8.5250934	Gamper	Nietengasse	1	8004	Zürich		http://www.gamper-restaurant.ch
47.3790069	8.5249463	Zaatar	Brauerstrasse	74	8004	Zürich	lebanese	https://www.zaatar.ch
47.3750304	8.5245340	Peking Garden	Langstrasse	13	8004	Zürich	chinese	https://www.peking-garden.ch/zh-langstrasse
47.3758647	8.5251128	Celia	Langstrasse	35	8004	Zürich	italian	
47.3767368	8.5207415	Pergola	Kanzleistrasse	121	8004	Zürich		https://ristorantepergola.ch/
47.3771472	8.5202111	Brera	Kanzleistrasse	26	8004	Zürich	italian	https://www.brera.ch/
47.4048648	8.5379355	Kiosk / Restaurant						
47.3794266	8.5237792	Werkhof					regional	
47.3745663	8.5245378	Burgermeister	Langstrasse	6	8004	Zürich	burger	https://www.burger-meister.ch/
47.3752425	8.5250339	SO Pizza	Langstrasse	20	8004	Zürich	pizza	https://www.so.pizza/
47.3742067	8.5233555	Queen Idia African Restaurant	Badenerstrasse	125	8004	Zürich	african	https://www.queenidia.ch/
47.3737299	8.5218676	The Caribbean Restaurant	Elisabethenstrasse	28	8004	Zürich		https://www.thecaribbean.ch/
47.3734849	8.5287165	Molino	Stauffacherstrasse	31	8004	Zürich	pizza	https://molino.ch/de/pizzeria-ristorante-molino-stauffacher
47.3737975	8.5274539	Ichizen	Kanzleistrasse	15		Zürich	japanese	https://www.ichizen-japan-restaurant.ch/
47.3736685	8.5280227	Ristorante Cooperativo					italian	http://www.cooperativo.ch/
47.3716921	8.5446644	Hôtel Bourbon	Obere Zäune	19	8001	Zürich		https://www.hotelbourbon.ch/
47.3705962	8.5438655	Le Dézaley Restaurant Vaudois					regional	https://le-dezaley.ch/
47.3710755	8.5433622	Style Thai					thai	
47.3717505	8.5159377	La Côte						
47.3700945	8.5491025	Santa Lucia	Rämistrasse	32	8001	Zürich	pizza;italian	https://www.bindella.ch/de/santa-lucia-teatro.html
47.3746589	8.5290969	Don Leone	Bäckerstrasse	31	8004	Zürich	italian;pizza	https://www.donleone.ch/
47.3757244	8.5292515	Convivio	Rotwandstrasse	62			italian	
47.3753340	8.5286575	Accademia del Gusto	Rotwandstrasse	48			italian	http://www.accademiadelgusto.ch/
47.3749705	8.5289242	Teoh	Bäckerstrasse	37	8004	Zürich	asian	http://teoh-food.ch/
47.3751694	8.5284160	DAurora	Rotwandstrasse	42	8004	Zürich	italian	http://www.daurora.ch/
47.3754803	8.5284806	Osteria Santo Bevitore	Rotwandstrasse	49	8004	Zürich	italian	http://www.osteria-santobevitore.ch/
47.3742016	8.5307896	Meat Me					steak_house	http://meatme4.ch/
47.3743454	8.5295536	Sweet Basil	Bäckerstrasse	19			asian	http://www.sweet-basil.ch/
47.3743607	8.5306073	Real	Müllerstrasse	23	8004	Zürich	spanish	https://www.restaurant-real.ch/
47.3746892	8.5294759	Akaraka	Bäckerstrasse	30	8004	Zürich	korean	https://www.akaraka.ch
47.3746456	8.5302307	Bibim Shack	Müllerstrasse	31	8004	Zürich	koren	http://bibimshack.com
47.3682948	8.5459868	Tschingg	Oberdorfstrasse	2	8001	Zürich	pasta	https://www.tschingg.eu/
47.3771144	8.5281687	Ah-Hua	Brauerstrasse	9	8004	Zürich	asian	
47.4067404	8.5507215	Schnitzelhuus Oerlikon	Schwamendingenstrasse	48	8050	Zürich	Schnitzel;regional	http://www.schnitzelhuus.com/
47.4073905	8.5498029	Restaurant Dorflinde	Schwamendingenstrasse	37	8050	Zürich		https://oelemezler-gastrobetriebe.ch/restaurant-dorflinde/
47.3855243	8.5312041	Migros Restaurant	Limmatstrasse	152	8005	Zürich	international	https://filialen.migros.ch/de/migros-restaurant-zuerich-limmatplatz
47.3762153	8.5400686	Palette	Schützengasse	7		Zürich		https://palette-zürich.ch/
47.3720914	8.5339870	Long Huang	Talstrasse	83	8001	Zürich	asian	http://suan-long.ch/longhuang/
47.3807368	8.5345758	Yoshino	Hafnerstrasse			Zürich	japanese	https://www.yoshino.ch/
47.4034424	8.5471665	Smeileys	Berninastrasse	43	8057	Zürich		https://www.smeileys.ch/
47.3764802	8.5252621	Pho 50	Stauffacherstrasse	101	8004	Zürich	vietnamese	https://www.pho50.ch/
47.4090175	8.5457746	House of Mezze				Zürich	lebanese	
47.3760618	8.5288696	The Sacred	Müllerstrasse	64	8004	Zürich	cake;tea;coffee_shop	https://vegelateria.ch/
47.4109887	8.5459625	Burgermeister	Nansenstrasse	3	8050	Zürich	burger	https://www.burger-meister.ch
47.3779493	8.5298119	Neela	Kanonengasse	29	8004		sri_lankan	https://neela.ch/
47.3686275	8.5444063	Le Cèdre	Schifflände	5	8001		lebanese	https://libanesisch.ch/
47.4086140	8.5376025	Giesserei Oerlikon	Birchstrasse	108	8050	Zürich		https://diegiesserei.ch/
47.3784747	8.5303520	Lele					italian	https://www.restaurantlele.ch/
47.3931636	8.5210169	Indian BBQ	Breitensteinstrasse	21	8037	Zürich	indian	https://www.indian-bbq.ch/
47.3677218	8.5461444	Vapiano	Rämistrasse	8	8001	Zürich	italian	
47.3861863	8.5209904	Viadukt						https://zkb-hard.sv-restaurant.ch/de/menuplan/viadukt/
47.3798297	8.5270667	Khujug					chinese	https://www.khujug.restaurant/
47.3808758	8.5262009	Restaurant Schnupf / Rangierbahnhof						https://www.schnupf.bar/
47.3793855	8.5258658	Biondi						
47.3796942	8.5257070	Eichhörnli					regional	https://www.restaurant-eichhoernli.ch/
47.3798446	8.5276503	Lady Suzette	Langstrasse	133	8004	Zürich		
47.3786741	8.5299156	Thach	Militärstrasse	84			asian	http://www.thach.ch/
47.3791536	8.5283971	Pizzeria Milano	Militärstrasse	109	8004	Zürich	italian	https://www.restaurant-milano.ch/
47.3784276	8.5284216	Morgenstern da Mario	Zwinglistrasse	27			italian	https://morgenstern-zh.ch
47.3787987	8.5265659	Stella Alpina						
47.3777904	8.5296685	Hongxi	Zwinglistrasse	3	8004		chinese	http://www.hongxi-restaurant.ch
47.3782008	8.5292404	Kinkhao	Zwinglistrasse	12	8004	Zürich	thai	https://www.kinkhao.ch
47.3440179	8.5317309	Casa Nostrana	Albisstrasse	27			italian	
47.3728610	8.5349909	Sushishop	Uraniastrasse	40	8001	Zürich	sushi	
47.4105350	8.5525017	Brasserie Bits & Bites					regional	https://www.brasseriebitsandbites.ch/
47.3802932	8.5448286	GESS-Bar	Haldeneggsteig	4	8092	Zürich		
47.3797298	8.5372003	Brasserie zum Vorbahnhof	Zollstrasse	2	8005	Zürich	regional	https://www.vorbahnhof.ch/
47.3752069	8.5437776	Suan Long	Niederdorfstrasse	47	8001	Zürich	chinese;thai	https://suan-long.ch/suanlong/
47.3842908	8.5779767	Masoala						https://www.zoo.ch/de/essen-trinken/restaurant-masoala
47.3843493	8.5739787	Pantanal						
47.3933515	8.5263104	Damas						http://restaurantdamas.ch/
47.3662269	8.5212488	Napoli (da Gerardo)	Sandstrasse	7	8003	Zürich	italian	
47.3651800	8.5212519	Maison Manesse	Hopfenstrasse	2	8045			http://www.maisonmanesse.ch/
47.3658973	8.5212335	Uramakiya	Steinstrasse	72	8003	Zürich	japanese	
47.3779110	8.5294772	Tabula Rasa	Zwinglistrasse	7	8004	Zürich	regional	http://www.zumgoldenenfass.ch/
47.3778272	8.5304532	Zeughaushof	Kanonengasse	20	8004	Zürich	international	http://www.hopzueri.ch/
47.3780557	8.5299364	Viet-Thai	Kanonengasse	31	8004		asian	http://www.viet-thai.ch/
47.3745929	8.5345411	Riithalle	Gessnerallee	8	8001	Zürich	regional	https://www.riithalle.ch/
47.3667843	8.5616996	Luca²	Asylstrasse	81	8032	Zürich	italian	https://www.restaurant-luca.ch/
47.3823657	8.5303266	Yume Ramen			8005	Zürich	noodle	
47.3818623	8.5296911	Soul Köfte	Langstrasse	192	8005	Zürich	jordanian	
47.3799976	8.5373936	St. Gallerhof					regional	http://www.st-gallerhof.ch
47.3800785	8.5370948	Sham					lebanese	
47.3828582	8.5307697	Don’t Worry Eat Curry	Mattengasse	29	8005	Zürich	indian	http://www.dontworry-eatcurry.ch
47.3820940	8.5300961	Casa da Picanha			8005	Zürich	brazilian	https://picanha-brasil.ch
47.3820132	8.5303576	Restaurant Neugasshof	Neugasse	35	8005	Zürich	regional	
47.3680769	8.5597987	Restaurant Römerblick	Asylstrasse	58	8032	Zürich		
47.3837599	8.5284695	Co Chin Chin	Gasometerstrasse	7	8005	Zürich	vietnamese	https://www.cochinchin.ch
47.3838948	8.5307672	SamSes	Langstrasse	231	8005	Zürich	regional	http://www.samses.ch
47.4040325	8.5571397	Apollo Taverna	Ueberlandstrasse	14	8051	Zürich	greek	
47.3744560	8.5228253	La Taqueria	Badenerstrasse	138	8004	Zürich		https://www.lataqueria.ch
47.3792301	8.5158016	Barranco	Sihlfeldstrasse	141	8004	Zürich	peruvian	https://www.barranco.ch/
47.3741175	8.5136406	Bottega Berta	Bertastrasse	36	8003	Zürich	italian	https://www.bottegaberta.ch/
47.3760904	8.5278522	Ah-Hua	Ankerstrasse	110	8004	Zürich	thai	https://www.ah-hua.ch/
47.3615099	8.5260442	99	Bederstrasse	99	8002	Zürich	italian	
47.3624137	8.5266555	Bederhof						https://bederhof.ch/
47.3654301	8.5321082	Le Rendez-Vous	Seestrasse	3	8002	Zürich	french	http://restaurant-le-rendez-vous.ch/
47.3601777	8.5226813	Wirtschaft Zur Au	Manessestrasse	208	8045	Zürich		https://www.zur-au.ch/
47.4005575	8.5859139	La Fonte					pizza	
47.3723465	8.5445758	Öpfelchammer					regional	https://www.oepfelchammer.ch/
47.4114049	8.5450408	Peking Garden					asian	
47.3969875	8.5869085	Schützenstube Probstei	Stettbachstrasse	200	8051	Zürich		http://www.probstei-stube.ch/
47.3876044	8.5260285	Restaurant Markthalle	Limmatstrasse	231	8005	Zürich	international	http://www.restaurant-maha.ch/
47.3614068	8.5608856	Misoga	Drahtzugstrasse	5			korean	https://www.r2.misoga.ch/hegibachplatz
47.4039752	8.5739634	Bei Fouad	Dübendorfstrasse	4	8051	Zürich	lebanese	libanese-takeaway.ch
47.4041654	8.5733193	Restaurant Blume						
47.3910244	8.5265320	Taj Palace	Hönggerstrasse	25	8037	Zürich	indian	
47.3909511	8.5272823	Il Basilico H10	Hönggerstrasse	10	8037	Zürich	italian;pizza	https://www.ilbasilico.ch/
47.4040156	8.5678705	Tiger Sushi						https://tigersushi.ch
47.3915816	8.5251298	San Gennaro	Hönggerstrasse	43	8037	Zürich	italian	https://www.sangennarozurigo.ch/
47.3903732	8.5228750	Spaghetti Pomodoro				Zürich	italian;pizza	https://spaghettipomodoro.ch/
47.3611874	8.5266838	Don Leone	Waffenplatzstrasse	15	8002	Zürich	italian;pizza	https://donleone.ch/waffenplatz/
47.3618799	8.5261485	Weisses Rössli	Bederstrasse	96	8002	Zürich	french;fine_dining	https://www.weisses-roessli.ch/
47.3439800	8.5314693	Winits	Albisstrasse	29	8038		thai	https://www.winits.ch/
47.3468443	8.5287676	Allegro	Mutschellenstrasse	137			italian	
47.3474258	8.5334884	Peking Garden	Seestrasse	331	8038	Zürich	asian	https://www.peking-garden.ch/pg_restaurant/zuerich-wollishofen/
47.4077372	8.5825950	bianco nero						
47.4047430	8.5729195	Restaurant Jasmin						
47.3752920	8.5154091	Filfl	Zentralstrasse	136	8003	Zürich	african	https://www.filflrestaurant.ch/
47.4137718	8.5382686	Nordlicht	Birchstrasse	180	8050	Zürich		https://www.senevita.ch/de/betriebe/nordlicht/gastronomie.php
47.4098711	8.5443496	Tres Amigos	Querstrasse	16	8050	Zürich	mexican	https://www.tresamigos.ch/zuerich-oerlikon
47.3735250	8.5466575	Hirschberg	Seilergraben	9				https://www.restaurant-hirschberg.ch/
47.3739693	8.5462490	Rechberg						https://www.rechberg1837.com/
47.3753582	8.5457947	Timeout						
47.3791930	8.5555706	Okay Italia					italian	https://www.okay-italia.ch/
47.4020484	8.5353195	Kerala					indian	http://www.keralarestaurant.ch/
47.3739392	8.5146022	Piazza	Idaplatz	2	8003	Zürich		http://www.ida-piazza.ch
47.4027881	8.4925230	Restaurant Maharani	Limmattalstrasse	252			indian	https://www.maharani.ch/
47.4040360	8.4967746	Zweifels Weinbeiz	Regensdorferstrasse	22	8049	Zürich		https://www.zweifel1898.ch/de/weinbeiz-hoengg.html
47.4034913	8.4964710	Zahl-Bar						
47.3572037	8.5153739	Free Flow					international	
47.3702244	8.5194587	Gasthof Falken Wiedikon	Birmensdorferstrasse	150	8003	Zürich		https://www.falken-wiedikon.ch/
47.3608803	8.5478901	Ristorante Frascati	Bellerivestrasse	2	8008	Zürich	italian	https://molino.ch/de/ristorante-frascati
47.3686567	8.5339963	Korner	Gartenstrasse	10	8002	Zürich	burger	http://www.gourmetburger.ch/
47.3635603	8.5495722	Sazio Osteria	Seefeldstrasse	27	8008	Zürich	italian	https://www.sazio.ch/
47.3654045	8.5471561	Brasserie Schiller	Sechseläutenplatz	10	8001	Zürich		https://www.brasserie-schiller.ch/
47.3773415	8.5332076	Kennedys Irish Pub	Freischützgasse	14	8004			https://www.kennedys.ch/
47.3618069	8.5265712	Lotus Garden	Waffenplatzstrasse	1	8002	Zürich	chinese	https://lotus.garden/
47.3715341	8.5245733	Silex	Freyastrasse	3	8004	Zürich		https://www.silexrestaurant.ch/
47.3719093	8.5256450	Gartenhof	Gartenhofstrasse	1	8004	Zürich	regional	https://www.gartenhof.net/
47.3716390	8.5248920	Hermanseck	Birmensdorferstrasse	58	8004	Zürich	regional	http://www.hermanseck.ch/
47.3629747	8.5324508	Florentin	Lavaterstrasse	33	8002	Zürich	jewish	https://florentin.rest/
47.4151692	8.5468187	Goranac Sofra					middle_eastern	
47.4128096	8.5451810	Lamky	Wattstrasse	3	8050	Zürich	chinese	https://china-restaurant-lamky-zurich.business.site/
47.3749526	8.5290757	Don Leone	Bäckerstrasse	36	8004	Zürich	italian;pizza	https://donleone.ch/laperitivo/
47.4124987	8.5445738	Binzgarten	Affolternstrasse	10	8050	Zürich	italian	http://www.binzgarten.ch/
47.3686456	8.5015488	Tamarind Hill	Birmensdorferstrasse	427	8055	Zürich	indian	http://www.tamarindhill.ch/
47.4105086	8.5484210	Malabar					indian	https://www.malabar-restaurant.ch/
47.4103887	8.5471916	Restaurant & Pizza Furetto						
47.3815450	8.5483263	Rubina	Universitätstrasse	56	8006	Zürich	regional	https://restaurant-rubina.ch/
47.3691547	8.5011383	Burgers & Shakes	Birmensdorferstrasse	430	8055	Zürich	american;burger	http://www.burgers-shakes.ch/
47.3817668	8.5336560	El Luchador	Konradstrasse	69	8005	Zürich	mexican	http://www.elluchador.ch
47.3780904	8.4982984	Mangostan					thai	http://www.mangostan.ch/
47.3901439	8.5223613	Wurst und Moritz	Hardstrasse	318	8005	Zürich	sausage	http://wurstundmoritz-zuerich.ch/
47.3703052	8.5207971	Petit Saigon					vietnamese	
47.3699912	8.5183510	Bierstube Scheidegg	Kehlhofstrasse	2	8003	Zürich		
47.3708827	8.5157585	Victoria Restaurant	Birmensdorferstrasse	200	8003	Zürich		
47.3878313	8.5189366	Brisket	Pfingstweidstrasse	6	8005	Zürich	Southern_BBQ;american	https://www.brisket.ch/
47.3863155	8.5167264	LYS Asia	Zahnradstrasse	21	8005	Zürich	asian	https://lys-asia.ch/restaurant/
47.4165977	8.5558212	Thai Erawan					thai	
47.3736181	8.5456942	New Bombay	Predigerplatz	34	8001	Zürich	indian	https://newbombay-zurich.ch/
47.4180995	8.5565889	Tasty Haus	Leutschenbachstrasse	71	8050	Zürich	chinese	https://tastyhaus.ch/
47.3880703	8.5141661	Equinox						
47.4262082	8.5054134	Wirtschaft Unterdorf	Katzenseestrasse	15	8046	Zürich	regional	https://wirtschaft-unterdorf.ch/
47.3841620	8.5304006	Cucina	Luisenstrasse	40	8005	Zürich	italian;pizza	https://www.cucinarestaurant.ch/
47.3832940	8.5301807	Cinque	Langstrasse	215	8005	Zürich	italian	http://www.restaurant-cinque.ch
47.3909932	8.5455952	Moudis Lecker Garten						http://moudislecker.ch/
47.3760181	8.5277705	Centro	Ankerstrasse	108			italian	
47.3522874	8.5083976	Schützenhaus Albisgüetli	Uetlibergstrasse	341	8045	Zürich	regional	https://www.albisguetli.ch/
47.3868901	8.4898386	Restaurant Casino	Badenerstrasse	647	8048	Zürich	regional	http://casinoaltstetten.ch
47.4063257	8.5376266	Gasthaus Hofwiesen	Hofwiesenstrasse	265	8057		austrian	https://www.hofwiesen.ch/
47.3891509	8.5177829	Aubrey	Schiffbaustrasse	10	8005	Zürich		http://www.aubrey.ch/
47.3745867	8.5167793	Sher-E-Punjab	Sihlfeldstrasse	45	8003	Zürich	indian	http://www.punjab.ch/
47.3869980	8.4893909	Taj Mahal	Badenerstrasse	649	8048	Zürich	indian	
47.3840714	8.5291751	Molino	Gasometerstrasse	26	8005	Zürich	pizza	https://molino.ch/de/pizzeria-ristorante-molino-gasometerstrasse
47.3851690	8.5190628	Frau Gerolds Garten	Geroldstrasse	23	8005	Zürich		https://www.fraugerold.ch
47.3804786	8.5472423	Bamboo Inn					chinese	https://bamboo-inn.ch/
47.3821725	8.5474623	Stapferstube da Rizzo	Culmannstrasse	45	8006	Zürich	italian	https://www.stapferstube.com/
47.4136106	8.5336274	Nœrd Kantine	Binzmühlestrasse	170	8050			http://www.noerdkantine.ch/
47.4157127	8.5449517	La Forchetta					italian	
47.4150386	8.5452746	Perim	Schaffhauserstrasse	413	8050	Zürich		
47.3703723	8.5083674	Migros Restaurant	Birmensdorferstrasse	320	8055	Zürich	international	https://filialen.migros.ch/de/migros-restaurant-zuerich-wiedikon-m-maert
47.3934655	8.4738653	King To	Badenerstrasse	816	8048	Zürich	chinese	
47.3945224	8.4748209	Kantine Hermetschloo	Hermetschloostrasse	70	8048	Zürich		http://www.kantine-hermetschloo.ch
47.3954067	8.5054408	Turbinenhaus						https://www.restaurant-turbinenhaus.ch
47.3782017	8.5408542	Restaurant Oase			8001	Zürich		https://zfv.ch/de/microsites/sbb-restaurant-oase
47.3641649	8.5546725	Sangam Palace	Zollikerstrasse	1	8008	Zürich	indian	http://www.sangam-palace.ch/
47.3808206	8.5183332	Evin Kebap Haus	Hohlstrasse	187	8004	Zürich	kebab	
47.3739062	8.5183137	Ya Ke	Weststrasse	162	8003	Zürich	chinese	
47.3733877	8.5189589	Yardbird Southern Fried Chicken	Weststrasse	146	8003	Zürich	american	
47.3758611	8.5142545	Parea					italian	https://www.parea.rest/
47.3784801	8.5338620	Loft Five	Europaallee	15	8004	Zürich	international	http://www.loftfive.ch/
47.3735313	8.5329889	Swiss Casino Zürich	Gessnerallee	3	8021			https://www.swisscasinos.ch/
47.3883414	8.4837689	Restaurant Krone	Badenerstrasse	705	8048	Zürich	fine_dining	http://www.krone-altstetten.ch/
47.3704129	8.5410105	Presse Club						
47.3749062	8.5395320	Black Tap	Werdmühlestrasse	4	8001	Zürich	burger	https://blacktap.com/location/zurich/
47.3759940	8.4879620	Trattoria Emilia	Albisriederstrasse	330	8047	Zürich	italian	http://trattoriaemilia.ch/
47.4092114	8.5377071	Lemon	Birchstrasse	120	8050	Zürich	pizza;kebab	http://www.pizzalemon.ch/
47.4109228	8.5376629	Virtù	Birchstrasse	147	8050	Zürich	italian	http://pizzeria-virtu.ch/
47.3972168	8.5323442	Meister GAO					chinese	http://meistergao.ch/
47.3954854	8.5318493	SAHltimbocca						https://sah-zh.ch/angebote-im-ueberblick/sahltimbocca-restaurant/
47.3777854	8.5272463	Stereo	Brauerstrasse	36	8004	Zürich		
47.3583286	8.5571633	blindekuh	Mühlebachstrasse	148	8008	Zürich	regional	https://www.blindekuh.ch/
47.3739155	8.5157835	Restaurant Gertrudhof	Gertrudstrasse	26	8003	Zürich	german	http://restaurantgertrudhof.ch/
47.3854018	8.5183169	Rosso	Geroldstrasse	31	8005	Zurich	italian	https://www.restaurant-rosso.ch
47.3673012	8.5608500	Bistrot à Paris	Asylstrasse	70	8032	Zürich		https://www.bistrotaparis.ch/
47.4041372	8.5342275	Jeunesse	Wehntalerstrasse	120	8057	Zürich		
47.3825966	8.4926584	UBS Restaurant Snackeria Flurhof	Flurstrasse	72				
47.3734083	8.5253450	Ruenthai 3	Wyssgasse	2	8004	Zürich	thai	
47.4228696	8.5417788	Restaurant Bürgli	Seebacherstrasse	65	8052	Zürich	german	
47.4067908	8.5482253	Tamarind Hill	Schaffhauserstrasse	306	8050	Zürich	indian	http://www.tamarindhill.ch
47.4143809	8.5583693	Ephesus					italian;mediterranean;pizza;greek;türkisch	
47.4097353	8.5460335	Tschingg	Schaffhauserstrasse	353	8050	Zürich	pasta	https://www.tschingg.eu/
47.3600494	8.5690109	Grand‘in Osteria	Forchstrasse	211	8032	Zürich	italian	https://grandinosteria.ch
47.3722182	8.5196023	Wirtschaft im Franz						https://www.wirtschaftimfranz.ch/
47.4112550	8.5454820	Romarino			8050	Zürich	italian	
47.4270313	8.5102272	Restaurant Büsi	Bärenbohlstrasse	47	8046	Zürich	regional	https://www.xn--restaurant-bsi-rsb.ch/
47.3843311	8.5286143	Tavernaki Kalymnos	Motorenstrasse	25	8005	Zürich	greek	
47.3983794	8.5362590	Tramblu	Bucheggstrasse	103	8057	Zürich		http://tramblu.ch/
47.3885207	8.5256303	Costa Brava					spanish	https://www.costabrava-zuerich.ch/
47.3886259	8.5253686	Pizzeria Margheri	Limmatstrasse	273	8005	Zürich	italian	https://margheri.ch/
47.3822360	8.5145177	Etna	Hardplatz	7	8004	Zürich	italian;pizza	
47.3719325	8.5402773	Churrasco Steakhouse & Bar	Glockengasse	9	8001	Zürich	steak_house	http://churrasco.ch/
47.3885695	8.5392870	Mamas Beck	Schaffhauserstrasse	8	8006	Zürich	coffee_shop	
47.4016808	8.4989566	Pizzeria Rapido					pizza	
47.3749363	8.5823881	Adlisberg	Adlisbergstrasse	75	8044	Zürich	regional	http://www.adlisberg.ch
47.3918896	8.5004329	Restaurant Markthalle	Aargauerstrasse	1	8048	Zürich	regional	http://www.restaurant-markthalle.com
47.3693102	8.5325414	HATO					asian	https://hato-restaurants.com/
47.3775576	8.5438988	Positano	Stampfenbachstrasse	6	8001	Zürich	pizza	https://positano.ch/
47.3793233	8.5435476	Bombay Karachi	Stampfenbachstrasse	32	8001	Zürich	indian	
47.3777853	8.5438498	Commihalle	Stampfenbachstrasse	8	8001	Zürich	italian	https://www.commercio.ch/commihalle/
47.3815179	8.5422215	Santa Lucia Subito	Stampfenbachstrasse	68	8006	Zürich	italian;pizza	https://www.bindella.ch/gastronomie/santa-lucia-subito
47.3823352	8.5406266	White Elephant					thai	https://www.whiteelephant.ch
47.3837629	8.5298256	Burgermeister	Josefstrasse	112	8005	Zürich	burger	https://www.burger-meister.ch/
47.3843323	8.5302362	4Leoni	Luisenstrasse	43	8005	Zürich	italian	https://4leoni-firenze.ch/
47.3846382	8.5297901	Valentin						
47.3848320	8.5295929	La Contrada	Heinrichstrasse	83				http://www.lacontrada.ch/
47.3847907	8.5277141	Friends Corner	Josefstrasse	146	8005	Zürich	indian	
47.3838905	8.5289598	Josef	Gasometerstrasse	24	8005	Zürich	regional	http://www.josef.ch
47.3857107	8.5420014	El Alebríje	Weinbergstrasse	107	8006	Zürich	mexican	https://elalebrije.ch
47.3738090	8.5296981	Tschingg	Lutherstrasse	4	8004	Zürich	pasta	https://www.tschingg.eu/
47.3749537	8.5244837	PHO Vietnam	Langstrasse	13	8004	Zürich	vietnamese	http://www.pho-vietnam.ch/
47.3724638	8.5408190	Lindenhofkeller	Pfalzgasse	4				http://www.lindenhofkeller.ch/
47.3722486	8.5393486	Stamped Burgers & Fries	Augustinergasse	28	8001	Zürich		https://stamped.ch/
47.3832801	8.5283610	Chimys	Neugasse	76	8005	Zürich	asian	
47.3792517	8.5241155	Chianalea Ristorante Pizzeria	Brauerstrasse	87	8004	Zürich	italian	https://www.chianalea.ch/
47.3883170	8.5769420	Thailodge					thai	
47.3902940	8.5392273	Thali Indian Restaurant	Schaffhauserstrasse	32	8006	Zürich	indian	http://www.thali1.ch
47.3767849	8.5268690	Tremondi	Molkenstrasse	20	8004	Zürich	italian	https://www.tre-mondi.ch/
47.3908067	8.5090238	naanu	Pfingstweidstrasse	104	8005	Zürich	indian	https://naanu.ch
47.3386513	8.5176156	Restaurant Manegg					regional	http://manegg.sv-group.ch/
47.3789304	8.5314462	Ynos	Europaallee	47	8004	Zürich	greek	http://www.ynos.ch/
47.3988230	8.4662280	Juchhof 2	Bernerstrasse	331	8048	Zürich		
47.3636395	8.5495067	Wild Bowls	Seefeldstrasse	25	8008	Zürich		
47.3744654	8.5207529	Bebek	Badenerstrasse	171	8003	Zürich		http://www.bebek.ch/
47.3709487	8.5195333	Schmiedhof						https://restaurant.schmiedhof.ch/
47.3653311	8.5475291	NZZ am Bellevue	Theaterstrasse	3	8001	Zürich		https://www.nzz-am-bellevue.ch/
47.4029458	8.4980459	Marcellos Bistro						
47.3766703	8.5332799	Yume-Ramen	Reitergasse	6	8004	Zürich	japanese	https://www.yume-ramen.ch
47.3748680	8.5364144	Löweneck	Löwenstrasse	34	8001	Zürich	spanish	https://loeweneck.com/
47.3746080	8.5357330	Takano City	Löwenstrasse	29	8001	Zürich	japanese	https://takano.ch/
47.3733548	8.5152301	Da Michelangelo	Gertrudstrasse	37	8003	Zürich	italian;pizza	https://www.da-michelangelo.ch/
47.3669621	8.4933926	Oberes Triemli	Birmensdorferstrasse	535	8055	Zürich	regional	http://www.oberes-triemli.ch/
47.4193301	8.5469887	Mi Mi Sa	Bahnhaldenstrasse	2	8052	Zürich	korean	
47.3715104	8.5274873	Werdguet	Morgartenstrasse	30	8004	Zürich		http://www.werdguet.ch/
47.3709309	8.5283390	Il Giglio						
47.3714815	8.5278588	MAZI im Morgarten	Morgartenstrasse	26	8004	Zürich	greek	https://mazi-morgarten.ch
47.3704467	8.5273814	Fein und Schein	Schöntalstrasse	14	8004	Zürich		
47.3705846	8.5267038	Peking	Verena-Conzett-Strasse	21	8004	Zürich	chinese	http://www.pekingzh.ch/
47.3703375	8.5383315	Bärengasse						https://restaurant-baerengasse.ch/
47.3694729	8.5367769	Thai Erawan					thai	
47.3929144	8.4743173	Tam Nan Siam Thai Restaurant	Badenerstrasse	811	8048	Zürich	thai	https://tamnansiam.ch
47.3706027	8.5138447	Xi Muoi	Kalkbreitestrasse	134	8003	Zürich	vietnamese	https://ximuoi.ch/
47.3720697	8.5403664	Neue Taverne	Glockengasse	8	8001	Zürich		
47.3905062	8.5174073	Hokkaido					sushi	
47.3901151	8.5151409	Deli 1994					regional	http://www.villaggio.ch/
47.3741055	8.5251017	Nooch	Badenerstrasse	101	8004	Zürich		https://www.nooch.ch/zuerich-badenerstrasse
47.3891176	8.5165867	Novotel Restaurant						
47.3668389	8.5339821	Ristorante 33	Bleicherweg	33			arab;italian	https://ristorante33.ch/
47.4201108	8.5359630	Fantasia	Seebacherstrasse	167	8052	Zürich	italian	
47.4224326	8.5404808	Tandoor House	Seebacherstrasse	77	8052	Zürich	indian	https://www.tandoorhaus.com
47.3861426	8.5220289	Restaurant Viadukt	Viaduktstrasse	71	8005	Zürich		http://www.restaurant-viadukt.ch/
47.3816229	8.5421505	African Queen	Stampfenbachstrasse	70	8006	Zürich	african	
47.4101573	8.5457543	Concerto	Ohmstrasse	11	8050	Zürich	italian;pizza	http://www.ristorante-concerto.ch/
47.4024233	8.5445394	Nihao	Oerlikonerstrasse	43	8057	Zürich	asian	http://www.restaurant-nihao.ch/
47.3623277	8.5475678	Studio Bellerive	Utoquai	47				https://www.restaurant-studiobellerive.ch/
47.3871353	8.4884291	Sir Andrews	Badenerstrasse	659	8048	Zürich		https://sirandrews.ch/
47.3748859	8.5287981	Ikoo	Bäckerstrasse	39	8004	Zürich	japanese	http://www.ikoo.ch
47.3776411	8.5334110	Beetnut	Lagerstrasse	16b	8004	Zürich		https://beetnut.com/
47.4075523	8.5478557	SimSim						http://www.sim-sim.ch
47.3900377	8.5089824	Migros Restaurant	Pfingstweidstrasse	101	8005	Zürich	international	https://filialen.migros.ch/de/migros-restaurant-zuerich-herdern
47.3693909	8.5441879	Ban Song Thai	Kirchgasse	6	8001	Zürich	thai	http://www.bansongthai.ch/
47.4143690	8.5567666	kaisin	Hagenholzstrasse	78	8050	Zürich	japanese;salad	
47.4143734	8.5569597	Spoon					thai	
47.3526098	8.5591926	Brasserie Seefeld	Horneggstrasse	15	8008	Zürich		
47.3775824	8.5276791	Veganitas	Brauerstrasse	30	8004	Zürich		https://www.veganitas.com/
47.3488821	8.5633128	La Zagra					italian	http://lazagra.ch/
47.3598916	8.5239764	Kai Sushi	Lessingstrasse	3	8002	Zürich	sushi	https://kaisushi.ch/de/standorte/kai-sushi-lessing/
47.3785624	8.5099906	New Point Flora	Albisriederplatz	5	8004	Zürich	italian;kebab;pizza	http://new-points.ch/
47.3929775	8.5135856	Antonio	Hardturmstrasse	133	8005	Zürich	pizza	
47.3948562	8.4835281	Restaurant A1 M.O.V.E.	Bändliweg	20	8048	Zürich	international	https://eldora-a1move.ch/
47.3874759	8.4881408	Musti Grill	Saumackerstrasse	48	8048	Zürich	turkish	https://musti-grill.ch/
47.3662005	8.5572165	Lemon Grass	Neptunstrasse	57	8032	Zürich	chinese;thai;vietnamese	https://suan-long.ch/lemongrass/
47.3662504	8.5567344	Klosbächli					regional	
47.3709729	8.5411722	Veltliner Keller						
47.3723204	8.5406506	Kindli						https://kindli.ch/restaurant
47.3763401	8.5389154	Hummer- und Austernbar						
47.3766199	8.5391331	Simplon					regional	https://www.simplonbar.ch/
47.3761799	8.5385360	Ona Poké	Lintheschergasse	13	8001	Zürich		https://onapoke.com/
47.3723326	8.5400106	August					sausage	
47.3768752	8.5384423	Insider						
47.3581623	8.5175686	Migros Restaurant	Giesshübelstrasse	65	8045	Zürich	international	https://filialen.migros.ch/de/migros-restaurant-zuerich-brunaupark
47.3900195	8.5222008	Brooklyn Burgermeister	Hardstrasse	316	8005	Zürich	burger	https://www.brooklyn-burgermeister.ch/escherwyss/
47.3738667	8.5137204	Piccola Trattoria	Aemtlerstrasse	86	8003	Zürich	italian;pizza	https://www.lapiccolatrattoria.ch/
47.3841944	8.5284377	Maneez	Josefstrasse	137	8005	Zürich	indian	https://www.maneez-zuerich.ch/
47.3792128	8.5435914	Didis Frieden	Stampfenbachstrasse	32	8006	Zürich	international	https://www.didisfrieden.ch/
47.3666913	8.5394310	Pavillon					international	http://www.aupavillon.ch/
47.4124689	8.5501786	Sushi Palace	Thurgauerstrasse	23	8050	Zürich	sushi	https://www.sushi-palace.ch/
47.4194232	8.5060520	Pizzeria Piazza	Wehntalerstrasse	546	8046	Zürich	italian	http://www.pizza-piazza.ch/
47.4184517	8.5058744	Ristorante Pizzeria da Enzo	Schauenbergstrasse	8	8046	Zürich	italian	http://www.ristorante-pizzeria-daenzo.ch
47.3359056	8.5421859	Fischers Fritz	Seestrasse	557	8038	Zürich		http://www.fischers-fritz.ch/
47.4157652	8.5131189	Frieden	Wehntalerstrasse	444	8046	Zürich	regional	
47.3550642	8.6019347	Viva						
47.4115218	8.5258459	Nostos Greek Bistro	Wehntalerstrasse	286	8046	Zürich	greek	
47.4123715	8.5244334	Hirschen	Wehntalerstrasse	310	8046	Zürich		
47.4193772	8.5062829	Restaurant Spice Garden	Wehntalerstrasse	544	8046	Zürich	indian	https://spicegarden-zh.ch/
47.4119003	8.5456317	Wang Khar	Ohmstrasse	22	8050	Zürich	asian	https://wangkhar.ch
47.4104359	8.5425471	Suan Long	Hofwiesenstrasse	350	8050	Zürich		
47.3843440	8.5311512	Burgermeister	Langstrasse	243	8005	Zürich	burger	https://www.burger-meister.ch/
47.3697863	8.5343368	Moudi	Brandschenkestrasse	5	8001	Zürich	lebanese	http://www.moudi-bar.ch
47.3722886	8.5741221	Dolder Golfclub - Restaurant	Kurhausstrasse	66	8032	Zürich		https://www.doldergolf.ch/de/golfclub/restaurant
47.3688778	8.5721925	TEPE	Oberer Heuelsteig	30	8032	Zürich	oriental;local	https://www.tepezuerich.ch/
47.3681004	8.5454840	La Petite Maison						
47.3720996	8.5498961	Mensa Rämi 59	Rämistrasse	59	8001	Zürich		https://www.mensa.uzh.ch/de/standorte/raemi59.html
47.3850255	8.5203173	Gerold Chuchi	Geroldstrasse	5	8005	Zürich	burger;pasta	https://www.geroldchuchi.ch
47.3887608	8.4870226	Santa Lucia	Altstetterstrasse	145	8048	Zürich	pizza	https://www.bindella.ch/de/santa-lucia-altstetten.html
47.3912178	8.4895499	Scent of Bamboo	Altstetterplatz	12	8048	Zürich	chinese;thai	http://suan-long.ch/scentofbamboo/
47.4251084	8.5484629	Vesuvio	Glatttalstrasse	40			pizza	
47.3707573	8.5207585	Jackys Wok	Zentralstrasse	10	8003	Zürich	asian	http://www.jackyswok.ch/
47.3834555	8.5303841	Co Chin Chin	Josefstrasse	102	8005	Zürich		
47.3757826	8.5169598	Grand Café Lochergut	Badenerstrasse	230	8004	Zürich		https://www.lochergut.net/
47.3796260	8.5434495	Hotel Bristol						
47.3684217	8.5411604	Metropol	Fraumünsterstrasse	12	8001	Zürich	japanese	https://metropol-restaurant.ch/
47.4022849	8.4953933	"Osteria Vineria ""da Biagio"" Restaurant Limmatberg"	Limmattalstrasse	228			italian_pizza	https://www.osteriadabiagio.ch/
47.3882008	8.5175860	Lilly Jo	Pfingstweidstrasse	16	8005	Zürich	regional	https://lillyjo.ch/
47.3684514	8.5458392	Burgermeister	Oberdorfstrasse	8	8001	Zürich	burger	https://www.burger-meister.ch/
47.3906264	8.5100441	Route Twenty-Six					steak_house	https://www.routetwentysix.ch/
47.3705241	8.5148792	Ying Cuisine	Birmensdorferstrasse	222	8003	Zürich	asian	https://main.yingcusine.ch/
47.4035729	8.4986268	Restaurant am Brühlbach	Kappenbühlweg	9	8049	Zürich		https://ambruehlbach.ch/
47.3806356	8.5336595	Chiang Mai	Zollstrasse	56	8005	Zürich	thai	https://www.chiang-mai.ch/
47.3747368	8.5172768	Grazie	Weststrasse	192	8003	Zürich	italian	
47.3891500	8.4881385	QIRIN	Baslerstrasse	141	8048	Zürich	sushi	https://www.qirin-sushidrinks.ch/
47.3679132	8.5602255	Vivace					italian;pizza	https://vivacerestaurant.ch/
47.3809156	8.5426593	Thip & More	Stampfenbachstrasse	56	8006	Zürich	asian	
47.3869822	8.5014413	Da Angela	Hohlstrasse	449	8048	Zürich	italian	http://www.daangela.ch
47.3769216	8.5325272	Yen					asian;vietnamese	
47.3729319	8.5175602	Tillsamman	Sihlfeldstrasse	10	8003	Zürich	swedish	http://www.tillsamman.ch/
47.3777530	8.5357364	Hiltl Sihlpost	Europaallee	1a	8004	Zürich	international	https://www.hiltl.ch/de/standorte/sihlpost
47.3830864	8.5329144	Himalaya	Ackerstrasse	52	8005	Zürich	indian	https://www.himalaya-restaurant.ch/restaurant/
47.3902274	8.5387940	Al Ventotto					italian	
47.3769359	8.5348729	Più	Kasernenstrasse	95	8004	Zürich	italian	https://www.piu-ristorante.ch/piu-europaallee
47.3764213	8.5264559	Bank	Molkenstrasse	15	8004	Zürich		https://www.bankzuerich.ch/
47.3740885	8.5408521	Konshi	Uraniastrasse	3	8001	Zürich	sushi;asian	https://konshi-zuerich.ch/
47.3844603	8.4904341	VBZ Kantine					regional	
47.3822961	8.5881357	Wirtschaft Alter Tobelhof	Tobelhofstrasse	236	8044	Zürich	regional	http://www.tobelhof.ch/
47.3820685	8.5879257	Chäsalp	Tobelhofstrasse	236	8044	Zürich	traditional	http://www.chaesalp.ch/
47.4117713	8.5464601	Dapur Indonesia						https://www.dapur-indonesia.ch/
47.4146478	8.5613897	Ayverdis					kebab;pizza	https://ayverdis.ch/
47.3774130	8.5439582	QQ Sushi	Stampfenbachstrasse	6			sushi	http://qq-sushi.ch/
47.3786830	8.5437382	Kian	Stampfenbachstrasse	24			persian	http://www.kian-restaurant.ch/
47.3675745	8.5391385	Baurs						
47.3687998	8.5384032	Famo					japanese	https://tandoori-bbq.ch/
47.3406225	8.5307103	Green Papaya					thai;vietnamese	https://www.greenpapaya.ch/
47.3381517	8.5298842	Café Wollishofen					regional	
47.3773217	8.5383780	Albanesi	Bahnhofplatz	12	8001	Zürich	italian	
47.3754925	8.5360876	Migros Restaurant	Löwenstrasse	31-35	8001	Zürich	international	https://filialen.migros.ch/de/migros-restaurant-zuerich-city
47.3740432	8.5219682	Topden Bowls	Körnerstrasse	10	8004	Zürich	asian	https://topden.ch/
47.4090845	8.5466964	Tibits	Tramstrasse	2	8050	Zürich		https://www.tibits.ch/de/restaurants#tibits-zuerich
47.3776662	8.5295623	Cima Curry	Kanonengasse	19		Zürich	indian	http://www.cimacurry.ch/
47.3783660	8.5242566	Schönau	Hohlstrasse	78	8004	Zürich	regional	https://www.schoenaubar.ch/
47.3838555	8.5295871	Santa Lucia	Luisenstrasse	31	8005	Zürich	pizza;italian	https://www.bindella.ch/de/santa-lucia-limmatplatz.html
47.3631314	8.5123238	Daizy	Räffelstrasse	28	8045	Zürich		https://daizy.ch/
47.3789518	8.5447211	Orient Catering						http://www.orientcatering.ch
47.3891818	8.4865395	Kormasutra Indian Restaurant	Altstetterstrasse	130	8048	Zürich	indian	https://www.kormasutra.ch/
47.3704056	8.5355364	Luigia	Talstrasse	61	8001	Zürich		https://www.luigia.ch/
47.3727348	8.5331099	Juicery 21						
47.3717616	8.5347692	Stripped Pizza	Talacker	41	8001	Zürich	pizza	https://www.stripped-pizza.com/
47.3726072	8.5339208	Cartell	Sihlporte	3	8001	Zürich	mexican	https://www.cartell.ch/
47.3730087	8.5242929	V.P. Catering	Ankerstrasse	16	8004	Zürich	greek	http://www.vp-catering.ch
47.3757063	8.5195616	Hua Hin Thai Take Away	Pflanzschulstrasse	15	8004	Zürich	thai	
47.3752857	8.5162977	Little Thai Take Away						
47.3751244	8.5174104	De Koreaner 59	Meinrad-Lienert-Strasse	27	8003	Zürich	korean	https://www.dekoreaner59.ch/
47.3872299	8.4860590	Caffe Cioccolato	Lindenplatz	4			italian	http://www.italsweet.ch/
47.3685455	8.4963417	Thai Market	Birmensdorferstrasse	488	8055	Zürich	asian	http://www.thai-market.ch/
47.3695561	8.5056903	Meskerem Restaurant	Birmensdorferstrasse	364	8055	Zürich		https://www.meskerem-restaurant.ch/
47.4203970	8.5486267	Pizza Gusto					kebab;pizza	
47.4231533	8.5430816	"Fiirabigbeizli ""Zur alte Chäsi"""	Seebacherstrasse	58	8052	Zürich	regional	http://www.altechaesi.ch
47.3859082	8.5181661	Zum Gaul	Geroldstrasse	35	8005	Zürich	burger	http://www.zumgaul.ch
47.4104455	8.5095892	Bellavista	Hönggerbergring	47	8093	Zürich	mediterranean;local	https://bellavista-ethz.ch/
47.3784937	8.5205359	blau	Herman-Greulich-Strasse	56				https://dasblau.ch
47.3818280	8.5326917	Wesleys Kitchen						https://www.wesleys-kitchen.ch/
47.4138630	8.5520167	Steakhouse Argentina	Thurgauerstrasse	36/38	8050	Zürich	steak_house	https://www.steakhouse-argentina.ch/oerlikon/
47.3888334	8.5224703	The Butcher	Heinrichstrasse	239	8005	Zürich	burger	https://www.butcher.ch/zuerich-heinrichstrasse
47.3739923	8.5254278	Miss Miu	Badenerstrasse	97	8004	Zürich	korean	https://www.butcherdaughter.ch/
47.3789404	8.5267275	Now We Go Vegan	Rolandstrasse	9	8004	Zürich	vietnamese	
47.3780241	8.5407045	Brasserie Federal	Bahnhofplatz	15	8001	Zürich		https://www.brasserie-federal.ch/
47.3775720	8.5394549	Sora Sushi			8001	Zürich	japanese	https://website.sora-sushi.ch/
47.4140272	8.5591860	Hombis Salon						http://hombissalon.ch/
47.4142512	8.5597700	Restaurant Riedbach						https://www.restaurant-riedbach.ch/homepage.html#start
47.4284338	8.5486066							
47.3796628	8.4894957	Brasserie Freilager	Freilagerstrasse	53	8047	Zürich	regional	https://restaurant-freilager.ch/
47.3721676	8.5188077	Ooki					japanese	http://ooki.tokyo/
47.3614005	8.5146383	Smith and de Luma	Grubenstrasse	27	8045	Zürich		https://www.smithanddeluma.ch/
47.3715877	8.5261787	Restaurant Pyramids	Werdstrasse	99	8004	Zürich	egyptian	
47.3622545	8.5123747	Binz 38	Binzstrasse	38	8045	Zürich		https://www.binz-38.ch/
47.3723752	8.5356056	Le Cèdre Maurice	Nüschelerstrasse	31	8001	Zürich	lebanese	https://www.libanesisch.ch/
47.3641847	8.5668950	Vietal Kitchen					vietnamese	https://vietal-kitchen.de/zuerich/
47.3330853	8.5382277	Tennisclub Seeblick						
47.3765461	8.5331122	CASERA	Militärstrasse	16	8004	Zürich	peruvian	https://www.perugourmetfusion.com/
47.3789138	8.5409931	Spitz	Museumstrasse	2	8001	Zürich		https://restaurantspitz.ch/
47.3818695	8.4886583	Restaurant Rauti						https://www.restaurant-rauti.ch/
47.3803612	8.5424142	Corner 48	Stampfenbachplatz	4	8006	Zürich	thai	http://www.corner48.ch
47.3719712	8.5436611	IGNIV Zürich						https://www.marktgassehotel.ch/de/drink-dine
47.3807187	8.5265220	Kokoro					japanese	https://www.kokoro-restaurant.ch/
47.3870425	8.4890636	Samurai VII					japanese	https://www.siebensamurai.com/
47.3994522	8.4958000	Hoenggerhof					italian	
47.3754023	8.5169163	LILYS Factory	Sihlfeldstrasse	58	8003	Zürich	asian	https://lilys.ch/
47.3538079	8.5690296	Restaurant Buchhölzli						
47.3706365	8.5432314	Zunfthaus zur Zimmerleuten	Limmatquai	40	8001	Zürich	regional	https://zunfthaus-zimmerleuten.ch/
47.3692887	8.5444905	Il Gattopardo	Rössligasse	7			italian	http://www.ilgattopardo.ch/
47.3780641	8.5438163	Maki Haus	Stampfenbachstrasse	12	8001	Zürich	japanese	https://www.makihaus.ch/
47.4104948	8.5428981	Migros Restaurant	Hofwiesenstrasse	350-354	8050	Zürich	international	https://filialen.migros.ch/de/migros-restaurant-zuerich-oerlikon-neumarkt
47.4038584	8.5732243	Migros Restaurant	Winterthurerstrasse	524	8051	Zürich		https://filialen.migros.ch/de/migros-restaurant-zuerich-schwamendingen
47.3882191	8.4871306	Migros Restaurant					international	https://filialen.migros.ch/de/migros-restaurant-zuerich-altstetten-neumarkt
47.4077073	8.5479839	Lins			8050	Zürich	chinese	http://lins-restaurant.ch/
47.3809227	8.5180772	Fulin					asian	
47.3783532	8.5396557	Scent of Bamboo			8001	Zürich	chinese;thai	http://suan-long.ch/scentofbamboo/
47.3580896	8.5538491	Totò	Seefeldstrasse	124	8008	Zürich	italian	https://www.ristorante-toto.ch/
47.3746638	8.5391076	Rooftop	Bahnhofstrasse	74	8001	Zürich	asian	https://www.ooo-zh.ch/
47.3581350	8.5478933	Restaurant Kiosk	Seefeldquai	51	8008	Zürich		https://restaurant-kiosk.ch/
47.3709294	8.5163605	Grottino 77	Aemtlerstrasse	11	8003	Zürich	pizza	
47.3700255	8.4923277	Grottino 83	Letzigraben	245	8047	Zürich	pizza	https://www.grottino83.ch
47.3722279	8.5388421	Cantinetta Antinori	Augustinergasse	25	8001	Zürich	italian	https://www.bindella.ch/de/cantinetta-antinori.html
47.3645073	8.5474123	Conti	Dufourstrasse	1	8008	Zürich	italian	http://conti-zuerich.ch/
47.3777845	8.5393225	Time... Lounge			8001	Zürich		https://www.time-lounge.ch/
47.3966207	8.5405108	Hangs Gourmet Cuisine	Schaffhauserstrasse	127	8057	Zürich		http://www.hangsgourmetcuisine.ch/
47.4150854	8.5634773	ERZ Personalrestaurant Hagenholz						
47.4105297	8.5432986	Spiga	Hofwiesenstrasse	350	8050	Zürich	italian;pizza	https://www.spiga-ristorante.ch/i-ristoranti/detail/spiga-neumarkt
47.3629240	8.5131571	Binz & Kunz	Räffelstrasse	17	8045	Zürich	international	https://www.binzundkunz.ch
47.3728894	8.5377565	Coop Restaurant	Bahnhofstrasse	57	8001	Zürich		
47.3674454	8.5464412	Coop Restaurant	Theaterstrasse	18	8001	Zürich	german	
47.3737280	8.5374385	Enja	Sihlstrasse	9	8001	Zürich		https://www.restaurant-enja.ch/
47.3701012	8.5365761	Gabbani	Talstrasse	40	8001	Zürich		https://www.gabbani.com/de/gabbani-zurich/restaurant-gabbani/
47.3745054	8.5375395	Jelmoli Restaurant	Seidengasse	1	8001	Zürich		
47.3745497	8.5375426	Sopra	Seidengasse	1	8001	Zürich		
47.3693820	8.5239033	Salon	Weststrasse	20	8003	Zürich		http://salutsalon.ch/
47.3902619	8.5225542	Hua Thai	Hardstrasse	320	8005	Zürich	asian	http://hua-thai.ch/
47.3732354	8.5317044	Helvetia	Stauffacherquai	1	8004	Zürich		http://www.hotel-helvetia.ch/
47.3735366	8.5320042	Union Diner	Kasernenstrasse	2	8004	Zürich	burger	https://uniondiner.ch/de/stauffacher
47.3693224	8.5392118	Sprüngli Café & Restaurant	Bahnhofstrasse	21	8001	Zürich		
47.3672776	8.5455633	Sternen Grill	Theaterstrasse	22	8001	Zürich	regional;grill	https://www.sternengrill.ch/
47.3739906	8.5374138	Hong-Kong Food Paradise	Seidengasse	1	8001	Zürich	asian	http://hongkongfoodparadise.ch/store_locator/jelmoli-2/
47.4133289	8.5522166	Hong-Kong Food Paradise	Thurgauerstrasse	32	8050	Zürich	asian	http://hongkongfoodparadise.ch/store_locator/vertex/
47.3708593	8.5434759	Negishi Sushi Bar	Nägelihof	1	8001	Zürich	sushi	https://www.negishi.ch/zuerich-niederdorf
47.3918334	8.4908184	SBB Restaurant WestLink	Vulkanplatz	11	8048	Zürich	international;regional	https://zfv.ch/de/microsites/sbb-restaurant-westlink/
47.3649526	8.5478868	Tibits	Seefeldstrasse	2	8008	Zürich		https://www.tibits.ch/de/restaurants#tibits-zuerich
47.3713446	8.5527434	Mensa Kantonsschule Rämibühl	Freiestrasse	26	8032	Zürich		https://zfv.ch/de/microsites/mensa-kantonsschule-raemibuehl/
47.3829596	8.5028019	Oval	Badenerstrasse	500	8048	Zürich		https://restaurantoval.ch/
47.4178413	8.5588596	Shilla Square	Leutschenbachstrasse	95	8050	Zürich	korean	https://shillasquare.ch/
47.3883565	8.5532985	Restaurant Rigiblick	Germaniastrasse	99	8044	Zürich		https://www.restaurantrigiblick.ch/
47.3823685	8.5669037	Zürichberg	Orellistrasse	21	8044	Zürich		https://www.zuerichberg.ch/restaurant
47.3527249	8.5537217	Lake Side	Bellerivestrasse	170	8008	Zürich		https://lake-side.ch/
47.3508842	8.5328394	Mensa SIS Wollishofen	Seestrasse	271	8038	Zürich		https://zfv.ch/de/microsites/mensa-swiss-international-school-zuerich-wollishofen/
47.3819656	8.5455532	Mensa Institut Minerva	Scheuchzerstrasse	2	8006	Zürich		https://zfv.ch/de/microsites/mensa-institut-minerva/
47.3896440	8.4865708	Suan Long	Altstetterstrasse	124	8048	Zürich	chinese;thai;asian	https://suan-long.ch/suanlong/
47.3859677	8.5161972	EY Restaurant Platform	Maagplatz	1	8005	Zürich		https://zfv.ch/de/microsites/ey-restaurant-platform
47.3748783	8.4853031	Friedbrunnen	Püntstrasse	9	8047	Zürich	italian	http://www.ristorantefriedbrunnen.ch/
47.3735869	8.5530663	Sento						http://plattenhof.ch/restaurant-sento/
47.4049275	8.5721187	Schwamedinge	Schwamendingerplatz	2	8051	Zürich		https://oelemezler-gastrobetriebe.ch/restaurant-schwamedinge/
47.3804387	8.5285106	Neni	Langstrasse	150			mediterranean	https://www.neni.ch
47.3897096	8.5210658	escherwyss	Hardstrasse	305				
47.3709657	8.5358464	La Piazzetta					italian	
47.3737064	8.5459212	dBar						
47.3592867	8.5231352	Der Wilde Kaiser	Kalandergasse	1	8045	Zürich		https://www.derwildekaiser.ch/
47.3580937	8.5234939	Public Burger	Kalanderplatz	1	8045	Zürich	american;burger	https://www.public-burger.ch/
47.3782562	8.5095237	Suan Long	Badenerstrasse	355	8003	Zürich	chinese;thai	https://suan-long.ch/suanlong/
47.3838416	8.4947954	Thai Style	Flurstrasse	55	8048	Zürich	thai	
47.3740519	8.5135241	Le Mezzerie de Moudi	Bertastrasse	36	8003	Zürich	mezze;lebanese;mediterranean	https://www.mezzerie.ch/
47.3715304	8.5209454	Kle	Zweierstrasse	114	8003	Zürich		https://restaurantkle.com/
47.3733832	8.5148182	Jdaburg	Gertrudstrasse	44	8003	Zürich		http://jdaburg.ch/
47.3751855	8.5173248	Gebeta	Meinrad-Lienert-Strasse	27	8003	Zürich	ethiopian	https://www.gebeta.ch/
47.3582918	8.5537364	Iroquois	Seefeldstrasse	120	8008	Zürich		https://iroquois.ch/
47.3558510	8.5564480	Metzg	Seefeldstrasse	159	8008	Zürich		http://www.restaurant-metzg.ch/
47.3553163	8.5541539	Tüfenegg	Dufourstrasse	154	8008	Zürich	regional	https://www.restaurant-tuefenegg.ch
47.3549625	8.5550456	Riviera	Dufourstrasse	161	8008	Zürich	italian	http://enoteca-riviera.ch/
47.3545891	8.5561613	F39					regional	http://f-39.ch/
47.3545311	8.5560474	Miracle	Fröhlichstrasse	37	8008	Zürich	italian	https://miracleseefeld.ch/
47.3548434	8.5574333	Schlüssel	Seefeldstrasse	177	8008	Zürich	regional	http://restaurant-schluessel-zuerich.ch/
47.3554751	8.5568172	Le Beaujolais	Seefeldstrasse	167	8008	Zürich	greek	http://www.griechische-taverne-l-p.ch/
47.3708105	8.5147617	Mesob	Rotachstrasse	33	8003	Zürich		https://mesob-restaurant.ch/
47.3535850	8.5345926	Hiltl am Strand	Mythenquai	95	8002	Zürich		https://www.hiltl.ch/de/standorte/mythenquai
47.3756521	8.5398019	Hiltl Dachterrasse	Bahnhofstrasse	88	8001	Zürich		https://www.hiltl.ch/de/standorte/dachterrasse
47.4094890	8.5423228	Loewen Siam Thai Restaurant	Baumackerstrasse	47	8050	Zürich	thai	http://www.loewen-siam.ch/
47.3695668	8.5058334	Il Basilico					pizza	http://www.ilbasilico.ch/
47.3581057	8.5177956	Ciccios Ristorante Bar Pizzeria	Giesshübelstrasse	65	8045	Zürich	breakfast;coffee_shop;italian;pizza	
47.3685002	8.4951684	Ey-Hof	Triemlistrasse	183	8047	Zürich	international	http://www.ey-site.ch/
47.3604176	8.5501478	Pizzeria Capri						http://www.ristorante-capri.ch/
47.3957946	8.5399353	Pizzeria da Amici					italian	http://www.da-amici.ch/
47.3632257	8.5220138	Restaurant Vereinigung					regional	http://www.vereinigung-barsol.ch/
47.3582960	8.5271891	Rietberg						http://www.restaurant-rietberg.ch
47.3647473	8.5475997	Tibits Bistro Zürich	Falkenstrasse	12	8008	Zürich		https://www.tibits.ch/de/restaurants#tibits-zuerich
47.3643150	8.5477947	Seehof	Seehofstrasse	11	8008	Zürich		
47.3711775	8.5286465	Yens					asian	
47.3637686	8.5545452	Giusis Ristorante Pizzeria	Zollikerstrasse	10	8008	Zürich	italian;pizza	https://giusis-ristorante-pizzeria-2.jimdosite.com/
47.3801773	8.5067222	Relais des Arts						https://www.cpzurich.ch/de/restaurants/relais-des-arts/
47.3801026	8.5066494	LetziLeu						https://www.cpzurich.ch/de/restaurants/letzileu/
47.3790326	8.5154904	An Chay	Zypressenstrasse	94	8004	Zürich	vietnamese	
47.3620219	8.5163974	Pizzeria Trattoria da Michele	Grubenstrasse	12	8045	Zürich	italian;pizza	http://www.trattoriadamichele.ch/
47.3861270	8.4987069	Manora Pizza & Pasta	Baslerstrasse	50	8048	Zürich	italian	
47.3861804	8.4982883	Coop Restaurant	Baslerstrasse	50	8048	Zürich	international	
47.3774870	8.5125757	Huus Beiz	Badenerstrasse	310	8004	Zürich		https://www.huusbeiz.ch/
47.3798796	8.5162736	Café du Bonheur						http://cafedubonheur.ch/
47.3787949	8.5152202	Mo	Kanzleistrasse	231				
47.3836265	8.4925180	Buckhuser						http://www.buckhuser.ch/
47.3776185	8.5275974	Milieu						
47.3611277	8.5174484	Binz Pasta e Pizza House					italian;pizza	
47.3648200	8.5254957	Napa Grill						https://napagrill.ch
47.4097807	8.4967983	Wirtschaft zur Schützenstube	Kappenbühlstrasse	80	8049	Zürich	regional	http://schuetzenstube-hoenggerberg.ch/
47.3700976	8.5131792	Pizzeria Bella Napoli	Birmensdorferstrasse	249	8055	Zürich	burger;pizza	
47.4135312	8.5515385	Gärtnerei	Thurgauerstrasse	34	8050	Zürich		https://www.gartnerei.ch/
47.3595759	8.5247174	Restaurant Orangerie						https://engimatt.ch/de/restaurant/restaurant-orangerie/
47.3500502	8.5710357	Restaurant Lengg						
47.3961699	8.4861377	Bistro Werdwies	Bändlistrasse	34				https://bistro-werdwies.ch/
47.3886962	8.5201290	Più	Hardstrasse	259	8005	Zürich	italian	https://www.piu-ristorante.ch/piu-schiffbau
47.3507677	8.5266714	Muggenbühl	Muggenbühlstrasse	15	8038	Zürich	regional	http://www.muggenbuehl.ch/
47.3741048	8.5441158	Rising Sun					chinese	
47.3710940	8.5373525	20/20	Nüschelerstrasse	1	8001	Zürich		https://www.moevenpick-wein.com/de/20-20-restaurant-zuerich
47.3724570	8.5376855	Ornellaia	St. Annagasse	2	8001	Zürich	italian	https://www.ristorante-ornellaia.ch/
47.4115465	8.5443658	Brasserie Oerlikon			8050	Zürich		https://www.brasserie-oerlikon.ch/
47.3606107	8.5072374	La Piazza	Friesenbergplatz	7	8045	Zürich	italian	https://www.restaurant-lapiazza.ch
47.3856708	8.5070612	SBB Restaurant Reparaturcenter Altstetten	Hohlstrasse	420	8048	Zürich	regional	https://zfv.ch/de/microsites/sbb-restaurant-reparaturcenter-altstetten
47.3758950	8.5161558	mit&ohne	Badenerstrasse	248	8004	Zürich	kebab	https://www.mitundohne-kebab.ch/
47.3761214	8.5155216	Tenz	Badenerstrasse	256	8004	Zürich	tibetan	https://www.tenz.ch/
47.3927934	8.5304785	Osteria Centrale	Nordstrasse	205	8037	Zurich	italian	
47.3687901	8.5339950	Vemezza	Stockerstrasse	55	8002	Zürich		https://www.vemezza.ch/
47.4192953	8.5052369	Brasil-Grill	Wehntalerstrasse	551	8046	Zürich	steak_house	https://www.brasil-grill.ch/
47.3647126	8.6019606	Clubhaus TC Im Hau						
47.3831358	8.5756144	Clubhaus TC Fluntern						
47.4235012	8.4922155	Clubhaus TC Valsana						
47.4097583	8.5584053	Clubhaus TC Escher-Wyss						
47.3541229	8.5024890	Clubhaus TC Bachtobel						
47.3526531	8.5052902	Clubhaus TC Uetliberg						https://www.tcuetliberg.ch/restaurant
47.3862517	8.5287289	Tadka	Quellenstrasse	49	8005	Zürich	indian	https://tadka.ch
47.3889173	8.5222924	Kitchen Republic	Heinrichstrasse	239	8005	Zürich	asian;sushi;burger;poke;korean;dumpling	https://www.kitchen-republic.ch/de/zuerich-west
47.3798059	8.5257791	Gaucho	Nietengasse	18	8004	Zürich	steak_house	https://gaucho.ch/restaurant/
47.3628273	8.5491405	Veganvelo						http://www.veganvelo.ch
47.4106932	8.5695925	Pizzeria Ecke	Wallisellenstrasse	485	8050	Zürich	italian;pizza	http://www.pizzeria-ecke.ch/
47.3870802	8.5009850	Azzurro	Hohlstrasse	451	8048	Zürich	italian;pizza	https://www.ristoranteazzurro.ch/
47.3739705	8.5482357	Mensa UZH Zentrum (Obere Mensa)					regional	
47.3738499	8.5482495	Mensa UZH Zentrum Mercato (Untere Mensa)					regional	https://www.mensa.uzh.ch/de/menueplaene/zentrum-mercato
47.3936238	8.5287193	Vegan Troja	Nordstrasse	223	8037	Zürich	fast_food	http://www.restaurant-troja.ch/
47.3919503	8.4912592	Bunt	Vulkanplatz	2	8048	Zürich	regional;meat	https://www.bunt.ch/
47.3747050	8.5127117	Grotto Reale	Martastrasse	145			italian	https://grottoreale.ch/
47.3915889	8.4883066	Negishi Sushi Bar	Altstetterplatz	11	8048	Zürich	sushi	https://www.negishi.ch/de/zuerich-altstetten
47.3933799	8.5116542	Peking Garden	Hardturmstrasse	161	8005	Zürich	chinese	https://www.peking-garden.ch/zh-hardturm/
47.3888471	8.4950699	LETO	Hohlstrasse	485	8048	Zürich	sandwich	https://letocafe.ch
47.3650602	8.5328569	Vees Bistro	Alfred-Escher-Strasse	11	8002	Zürich	thai	http://www.veesbistro.com
47.3716047	8.5211695	Uto						
47.3752023	8.5169253	Hoikoi	Sihlfeldstrasse	56	8003	Zürich	sushi	https://hoikoi.ch/
47.3678146	8.5359333	Ona Poké	Bleicherweg	19	8002	Zürich		https://onapoke.com/
47.3798658	8.5061904	Ayverdis					kebab	https://ayverdis.ch/
47.3769342	8.5393403	La Soupière					french	http://www.hotelschweizerhof.com/restaurant-la-soupiere
47.3487199	8.5682582	EPI Park Restaurant						
47.3861960	8.5221215	Restaurant Viadukt	Viaduktstrasse	69	8005	Zürich		http://www.restaurant-viadukt.ch/
47.3912171	8.5097545	Neni					mediterranean	https://www.neni.ch/
47.3909520	8.5098779	Tlako					mexican	http://www.tlako.com/
47.4143458	8.5493910	Mensa UZH Binzmühle					regional	https://www.mensa.uzh.ch/de/standorte/mensa-uzh-binzmuehle.html
47.4154095	8.5433938	Jungholz						https://zfv.ch/de/microsites/restaurant-jungholz/
47.3877848	8.4969898	Napis					thai	https://www.napis.ch/
47.3712595	8.5376179	La Bottega di Mario	Nüschelerstrasse	6	8001	Zürich	regional	http://www.labottegadimario.ch/
47.4165328	8.5555179	RLB Restaurant Leutschenbach					italian	
47.3850743	8.4924041	Lunchmarket	Buckhauserstrasse	22	8048	Zürich		
47.3805838	8.5261448	Roi-Et					thai	http://www.roi-et.ch/
47.3808192	8.5106323	Restaurant Bullinger						
47.4079984	8.5471802	Asiaway	Schwamendingenstrasse	10	8050	Zürich	asian;vietnamese	http://asiaway.ch
47.3643245	8.5478329	Japan saku			8008		japanese	http://www.sakusaku.ch
47.3569676	8.5586356	Hammam Salon					moroccan;mediterranean	https://www.hammambasar.ch/
47.3711803	8.5418034	Storchen					barbecue;regional	
47.3697410	8.5340668	Nice Gastrobar	Brandschenkestrasse	5	8001	Zürich		https://www.nice-gastrobar.ch/location/schanzengraben/
47.3666944	8.5361051	parkhuus						
47.3737799	8.5285146	Mythos	Stauffacherstrasse	35			greek	https://mymythos.ch/de/zuerich/home
47.3713843	8.5431142	Zunfthaus zur Haue					regional;mediterranean	https://www.zunfthaus-zur-haue.ch/
47.3759287	8.5276269	The Yard	Bäckerstrasse	62	8004	Zürich	chinese	https://theyard.ch
47.3778441	8.5295709	Tokyo Tapas	Zwinglistrasse	3	8004		japanese	
47.3714810	8.5430801	SO					pizza	https://www.so.pizza/
47.3786743	8.5437404	So Chill			8001		turkish	https://www.sochill.ch
47.3674016	8.5792193	Degenried					regional	
47.4228696	8.5417788	Restaurant Bürgli	Seebacherstrasse	65	8052	Zürich	regional	https://www.restaurant-buergli.ch
47.3677807	8.5053990	Vrenelisgärtli					swiss;regional	https://www.vrenelis.ch/
47.3734542	8.5358956	Rice Story	Uraniastrasse	31	8001	Zürich	korean	https://ricestory.ch/
47.3666017	8.5575853	Europa						
47.3731521	8.5436419	Restaurant Swiss Chuchi	Rosengasse	10				https://hotel-adler.ch/en/swiss-chuchi-restaurant/
47.3992912	8.5401245	Restaurant Bar Anna	Anna-Heer-Strasse	2	8057	Zürich	swiss	https://restaurant-anna.ch
47.3762445	8.5339863	Brooklyn Burgermeister	Kasernenstrasse	77b	8004	Zürich	burger	https://www.brooklyn-burgermeister.ch/kaserne/
47.4178276	8.5460313	Taste-It					burger;shakes	https://www.facebook.com/pg/tasteitburgerzurich/
47.3771884	8.5132497	Be Heroes	Badenerstrasse	298	8004	Zürich		https://beheroes.ch/zurich-badenerstrasse
47.3761860	8.5153905	Delicias latinas Zurich					colombian	https://delicias-latinas-zurich.negocio.site/
47.3705792	8.5406702	Le Relais de lEntrecôte	In Gassen	5	8001	Zürich	steak_house	https://www.relaisentrecote.fr/
47.3892343	8.5250511	Tschingg	Limmatstrasse	268-270	8005	Zürich	pasta	https://www.tschingg.eu
47.3881831	8.4865271	Burgermeister	Altstetterstrasse	146	8048	Zürich	burger	https://www.burger-meister.ch/
47.3886514	8.4838939	Piratino	Jakob-Fügli-Strasse	6			italian	http://www.piratino.ch/
47.3786072	8.5344739	Nooba	Europaallee	12	8004	Zürich	asian;thai	https://www.nooba.ch/
47.3826361	8.5001788	Al Mouchtar					lebanese	https://www.al-mouchtar.ch/
47.3840078	8.5318712	Afghan Anar	Fierzgasse	22	8005	Zürich	afghan	https://www.afghananar.ch
47.3791748	8.5321558	Miss Miu	Europaallee	48	8004	Zürich	korean	https://www.miss-miu.ch/zuerich-europaallee
47.3812815	8.5313950	Spritzwerk	Zollstrasse	80	8005	Zürich		https://ambossrampe.ch/restaurant/
47.3802884	8.5344583	Zur Werkstadt	Zollstrasse	37	8005	Zürich		https://www.restaurant-stadtkaeserei.ch/
47.3774336	8.5127223	Endi	Zypressenstrasse	49	8004	Zürich	burger	http://endi.ch/
47.3682436	8.5450622	Williams ButchersTable					steak_house	https://www.williamsbutcherstable.ch/
47.3831028	8.5301347	Thali House	Langstrasse	213	8005	Zürich	indian	https://www.th1.ch/
47.3810005	8.5353465	il bistrò					italian	https://ilbistro.business.site/
47.3746758	8.5435796	MyVis	Schmidgasse	6		Zürich	vietnamese	
47.4020655	8.4973963	Höngger Oriental Restarant						
47.3763367	8.5475026	Dozentenfoyer						
47.3848545	8.5485426	Zawan					thai	
47.4092721	8.5472980	Börnis Beizli	Tramstrasse	17	8050	Zürich	german	https://boernisbaizli.ch/
47.3818826	8.5334773	NA081	Konradstrasse	71	8005	Zürich	italian	https://na081.ch/zurich/
47.3729171	8.5277003	Gaijin Izakaya	Birmensdorferstrasse	5	8004	Zürich	japanese	https://gaijin-izakaya.ch/
47.3737738	8.5138059	Tapas & Friends	Aemtlerstrasse	86				http://tapasandfriends.ch/
47.3749599	8.5287039	Bund 39	Bäckerstrasse	39	8004	Zürich	chinese	http://bund39.ch/
47.3933418	8.5121558	Westhive Kitchen	Hardturmstrasse	161	8005	Zürich	regional;sandwich;pasta;salad;donut	https://www.westhive.com/en/eat-drink/westhive-kitchen-zurich-hardturm/
47.4159991	8.5605055	SRF Live Restaurant & Bar	Fernsehstrasse	1-4	8052			
47.3767548	8.4882098	Ioannis						
47.3687210	8.5243812	Lolas Restaurant	Manessestrasse	32	8003	Zürich	peruvian	https://www.lolas-restaurant.ch/
47.3888990	8.5203297	Kai Sushi	Hardstrasse	261	8005	Zürich	sushi	https://kaisushi.ch/de/standorte/schiffbau/
47.3860799	8.5171898	Clouds	Maagplatz	5	8005	Zürich		https://clouds.ch/#restaurant
47.3405645	8.5299409	Tibet Stubä	Albisstrasse	84	8038	Zürich	tibetan	http://www.tibet-stubae.ch/
47.3704539	8.5352878	HAUTE SA						
47.3703532	8.5495330	Mori Ramen	Hottingerstrasse	4	8032	Zürich		
47.4069217	8.5363863	Associaçâo Portuguesa	Birchstrasse	80			portuguese	
47.3717102	8.5152848	Kulturmarkt						
47.3725629	8.5477206	Chiffon	Hirschengraben	36	8001	Zürich		https://www.restaurant-chiffon.ch/
47.3628911	8.5472553	La Muña	Utoquai	45			peruvian	https://www.lareserve-zurich.com/
47.3760514	8.5438763	Chopstick	Limmatquai	138	8001	Zürich	chinese	https://www.hotpot-restaurant.ch/
47.3757667	8.4769888	Häxehüüsli						http://www.haexehuesli-hasenrain.ch/
47.4054909	8.5787221	Massawa	Winterthurerstrasse	625			eritrean	massawa-takeaway.ch
47.3904223	8.5144729	West Jao Praya Thai Resraurant					thai	
47.3729175	8.5272115	Emilio	Zweierstrasse	9	8004	Zürich	spanish	
47.3816304	8.5293840	Osso	Zollstrasse	121	8005	Zürich	italian	https://ossozuerich.ch/
47.3812340	8.5309594	La Santa Sete	Zollstrasse	111	8005		italian	https://lasantasete.restaurant
47.3739026	8.5394556	Ojo de Agua	Oetenbachgasse	13	8001	Zürich		https://ojodeagua.global/de/restaurants/details/zurich
47.3530226	8.5505084	Fischerstube Zürihorn	Bellerivestrasse	160	8008	Zürich	regional	https://www.fischerstube-zuerich.ch/
47.3656220	8.5383138	Lux						https://www.lux-zurich.ch/
47.3732378	8.5434215	Casco Viejo					tapas	
47.3704990	8.5413961	Shin					sushi	http://www.sushishin.ch
47.3585135	8.5232322	Datto					sushi	https://hongkongfoodparadise.ch/store_locator/sihlcity/
47.3529697	8.5511478	Fischergarten						https://www.fischerstube-zuerich.ch/fischerdorf
47.3663842	8.5383568	1Komma7	Claridenstrasse	14	8002	Zürich	grill;regional	
47.4120998	8.5550208	Restaurant Stadiönli						
47.3873149	8.5171254	roots	Maschinenstrasse	8	8005	Zürich		https://rootsandfriends.com/location/maschinenstrasse
47.3519503	8.5611316	Blaue Ente						
47.3878779	8.4997674	Nüni	Hohlstrasse	430	8048	Zürich		https://www.nüni.ch
47.3782411	8.5438502	Mohini						
47.3782201	8.5441406	Mohini	Weinbergstrasse	15				https://mohini.ch
47.4132592	8.5366815	Octavo	Binzmühlestrasse	130	8050	Zürich		https://ethz.ch/en/campus/getting-to-know/cafes-restaurants-shops/gastronomy/restaurants-and-cafeterias/oerlikon/octavo.html
47.3529891	8.5510576	Fischerstube						
47.3931298	8.5220202	Modo	Breitensteinstrasse	14	8037	Zürich		https://www.modo.fm/
47.3452929	8.5337326	La Casa d’Oc						
47.3784608	8.5291681	Gül	Tellstrasse	22	8004		turkish	http://www.guel.ch
47.3773927	8.5131080	R Bistro	Zypressenstrasse	50	8004	Zürich	balkan	http://www.rbistro.ch/
47.3730227	8.5182030	Pizzeria Felice	Zentralstrasse	72	8003	Zürich	pizza	https://www.pizzeria-felice.ch/
47.3734505	8.5196917	Rémy	Kalkbreitestrasse	33	8003	Zürich	ramen	https://www.remy.restaurant/
47.3617013	8.5163091	Pizza Binz	Grubenstrasse	11	8045	Zürich	international;pizza;pasta;mezze	https://pizzabinz.ch/
47.3735325	8.5440118	barfüsser						
47.3614335	8.5260468	Layla	Bederstrasse	101	8002	Zürich	lebanese	
47.3863074	8.5203170	Züriwest						https://zkb-hard.sv-restaurant.ch/de/menuplan/zueriwest/
47.3861049	8.5197729	Piazza						https://zkb-hard.sv-restaurant.ch/de/menuplan/piazza/
47.3861209	8.5197344	Bistro						https://zkb-hard.sv-restaurant.ch/de/menuplan/bistro/
47.3783449	8.5357764	VITO	Europaallee	4	8004	Zürich	pizza	https://www.vito.ch/europaallee
47.3601108	8.5948687	Adania					burger;tacos	https://adania.ch/
47.3686967	8.5454206	Noon					lebanese	https://noonexpress.ch
47.3982608	8.4924780	Riverside						
47.3625782	8.5220835	La Lup					asian	
47.3921674	8.5127304	Himalaya Burger & Co.					burger;tibetan	
47.3631452	8.4956889	The Penthouse Zurich						https://zurich.fivehotelsandresorts.com/best-restaurants-and-nightclubs-in-zurich/the-penthouse-zurich
47.3770956	8.5232489	Habesha	Schreinerstrasse	64			ethiopian	
47.3731276	8.5436660	Adlers swiss chuchi						
47.4178923	8.5465880	Shahba Rose					syrian;turkish	
47.3937169	8.4751509	Micas Garden						
47.3872533	8.4876631	Rashims Kitchen	Badenerstrasse	663	8048	Zürich	indian	https://rashimskitchen.ch/
47.4067164	8.5677179	Wanwan					thai	
47.3800966	8.4844491	Farfalla						
47.4080772	8.5656533	3 Spitz	Saatlenstrasse	110	8050	Zürich	pizza	https://www.pizzeriadreispitz.ch
47.4097270	8.5583146	Jeff’s Smashing Bistro						
47.3857931	8.4971961	Cucina	Baslerstrasse	71	8048	Zürich	italian;pizza	https://www.cucinarestaurant.ch/
47.4044486	8.5734516	Nima	Winterthurerstrasse	537				https://www.nimazuerich.ch/
47.4051819	8.5705089	Yakamoz	Saatlenstrasse	23	8051	Zürich	kebab;pizza	
47.3945841	8.4798999	Zett						https://www.swisslifearena.ch/restaurant-sportsbar/
47.3439841	8.5313955	Winits TakeAway	Albisstrasse	29	8038	Zürich	thai	https://www.winits.ch/winitstakeaway/
47.3943706	8.4867095	Jacks Cevap House						https://cevap.ch/
47.3715571	8.5255140	Fattoush					syrian	https://www.fattoush.ch/
47.3684091	8.5478024	Soi Thai	Rämistrasse	24	8001	Zürich	thai	http://www.soithai.ch/
47.3827433	8.5357837	Museumscafé	Ausstellungsstrasse	60	8005	Zürich		https://museum-gestaltung.ch/de/news/mittagsmenu/
47.3686081	8.5379948	AURA 800° Grill	Bleicherweg	5	8001	Zürich	european	https://www.aura-zurich.ch/
47.3764992	8.5252048	PUTPUTakeaway	Stauffacherstrasse	101	8004	Zürich	japanese	http://www.putput.ch/
47.3716278	8.5288189	Spoon	Hallwylstrasse	34	8004	Zürich	thai	
47.3677107	8.5545051	La Mirada					pizza;italian	
47.3781048	8.5430318							
47.3870148	8.5201885	Kleinwäscherei	Neue Hard	12	8005	Zürich		https://zentralwaescherei.space/gastro
47.3724559	8.5231490	Butegar	Elisabethenstrasse	3			pizza	https://www.butegar.ch
47.3787381	8.5277431	Simon Says Taste Taiwan					taiwanese	https://simonsaystastetaiwan.ch/
47.3452710	8.5337890	Alegria						https://alegria-restaurante-peruano.ch/
47.3806824	8.5271354	Disco Volante						
47.3772897	8.5459039	Restaurant Leonhard						
47.3782031	8.5086711	Iberia					spanish	https://iberiatapas.com/
47.3929208	8.5120131	Bills Burger	Hardturmstrasse	161	8005	Zürich	burger	https://www.billsburger.ch/
47.3758207	8.5382808	Leo	Schweizergasse	11	8001	Zürich	italian	https://ristorante-leo.ch/
47.3759329	8.5378026	Roof Garden	Schweizergasse	11	8001	Zürich	french	https://www.roofgarden.ch/
47.3830089	8.5303012	Riviera					pizza	
47.3818240	8.4954653	Minimum					regional	https://minimum.ch/restaurant
47.3543680	8.5984520	Wiesli 30						https://wiesli30.ch/
47.3889195	8.5264887	Elmira					regional	https://www.elmira.zuerich
47.3787745	8.5336711	Tokyo Express	Europaallee	22	8004	Zürich	japanese	https://www.tokyoexpress.ch/
47.3705203	8.5168750	Liyu	Birmensdorferstrasse	191	8003	Zürich	ethiopian	https://www.liyu-ethiopian-restaurant.ch/
47.3636999	8.5326572	Ruenthai by Suthita	General-Wille-Strasse	18	8002	Zürich	thai	https://ruenthai.ch/bysuthita/
47.3708056	8.5230716	Mai-Wok	Birmensdorferstrasse	93	8003	Zürich	vietnamese	
47.3812322	8.5331802	DaPizi	Josefstrasse	27	8005	Zürich	pizza;pasta;italian	https://dapizi2017.ch/
47.3708839	8.5463951	Hirschli						
47.3788419	8.5451350	Orient World	Leonhardstrasse	10	8001	Zürich	lebanese;turkish	https://orientworld.ch/
47.3812987	8.5313780	Baba Baos	Zollstrasse	80	8005	Zürich	taiwanese	https://ambossrampe.ch/restaurant/
47.3800211	8.5422229	Sapa Canteen	Walchestrasse	11			vietnamese	https://www.sapacanteen.ch
47.3802994	8.4894491	Loving Lanka	Freilagerplatz	71	8047	Zürich	sri_lanka	https://www.lovinglanka.ch/
47.3755710	8.5249235	Brenso						https://brensozurich.com
47.3588477	8.5801719	Piaceri del Sud						https://piaceridelsud.ch/
47.4150143	8.5452968	Masal Dosa	Schaffhauserstrasse	413	8050			http://masaldosa.ch
47.3777444	8.5269581	Oh my Greek!						
47.3881157	8.5390656	differente						
47.3709497	8.5445043	roots						
47.3761906	8.5401823	tsuru tsuu noodlebar					japanese	https://www.tsuru-tsuru.ch
47.3721352	8.5400890	Lunière						
47.3791998	8.5479282	Sushi Bar Leo						
47.3833749	8.5431961	Mesa Madrid	Weinbergstrasse	75				
47.3888945	8.5282409	Haus am Fluss Asian Food Hall & Bar	Sihlquai			Zürich	asian	https://haus-am-fluss.ch
47.3682297	8.5574355	OASE						
47.3709966	8.5220063	Hikari	Zürcherstrasse		8003		japanese	http://hikari.ch
47.3614048	8.5213645	Shinsen					japanese	
47.3875374	8.5398390	DiaLog						
47.3872577	8.5400210	Bistro Pinto Take Away					thai	
47.3692332	8.5442700	Restaurant zum weissen Kreuz	Rössligasse	3				www.zumweissenkreuz.ch
47.3764793	8.5291319	Ristorante Italia						
47.4172550	8.5393882	Thai Bogie	Neunbrunnenstrasse	50/52	8050	Zürich	thai	https://thaibogie.ch
47.3923728	8.5104083	roots kitchen	Förrlibuckstrasse	190	8005	Zürich		https://rootskitchen.ch/
47.3679447	8.5434921	Pier 7	Utoquai	2a	8038	Zürich		https://www.pier7.ch/Pier-7-Club/Club-Restaurant/
47.3588576	8.5369556	Samigo	Mythenquai	61	8002	Zürich		https://samigo.ch/
47.3678613	8.5423935	Bauschänzli	Stadthausquai	2	8001	Zürich	sausage;swiss	https://bauschaenzli.com/
47.3383977	8.5405188	Seerose	Seestrasse	493				http://seerose.dinning.ch
47.4033345	8.5160468	Tessin Grotto	Waidbadstrasse	151	8037	Zürich	regional	http://www.tessin-grotto.ch/
47.4082465	8.5360123	Mensa Kantonsschule Zürich Nord	Birchstrasse	103	8050	Zürich		https://zfv.ch/de/microsites/mensa-kantonsschule-zuerich-nord/
47.3284381	8.5124056	Restaurant Hüsli	Risweg	1				
47.3751808	8.4847229	Sternen Albisrieden	Albisriederstrasse	371	8047	Zürich		http://www.sternen-albisrieden.ch/
47.3909986	8.4784070	Restaurant Farbhof Cordon Bleu Haus	Badenerstrasse	753	8048	Zürich	regional	
47.3530385	8.5070527	Restaurant TC-E	Uetlibergstrasse	400	8045	Zürich		
47.3969729	8.5455104	Wild West Steakhouse Texas	Winterthurerstrasse	175		Zürich		
47.3522387	8.5243923	Fork & Bottle	Allmendstrasse	20	8002	Zürich	fish_and_chips;american;burger;beer	https://www.forkandbottle.ch/
47.3498333	8.5615829	Spuntino	Bellerivestrasse	253	8008	Zürich		https://spuntino.ch/tiefenbrunnen/
47.3528524	8.5593941	Hornegg	Seefeldstrasse	201	8008	Zürich		
47.3834499	8.5479500	Linde Oberstrass	Universitätstrasse	91	8006	Zürich	swiss	http://linde-oberstrass.ch
47.3569680	8.5575105	Gandria	Rudolfstrasse	6	8008	Zürich		
47.3870927	8.5754908	Altes Klösterli	Im Klösterli	36	8044	Zürich		
47.3430764	8.5335417	Bürgli	Kilchbergstrasse	15				https://www.restaurantbuergli.ch/
47.3674235	8.5792292	Degenried	Degenriedstrasse	135	8032	Zürich		
47.3503182	8.5672190	Zur oberen Flühgasse	Flühgasse	69	8008	Zürich	regional	https://flühgasse.ch/
47.4036716	8.5340883	Birchegg	Wehntalerstrasse	119	8057	Zürich		http://www.birchegg.ch/
47.3477592	8.4945662	Uto Staffel	Gratstrasse	6	8143	Uetliberg	regional	http://www.uto-staffel.ch
47.3924199	8.4984928	Wirtschaft zum Transit	Aargauerstrasse	14	8048	Zürich		https://wirtschaftzumtransit.wordpress.com/
47.4118193	8.5557594	Restaurant Neudorf	Siewerdtstrasse	84	8050	Zürich		http://www.restaurantneudorf.ch/
47.3538320	8.5120014	Schützenruh	Uetlibergstrasse	300	8045	Zürich		
47.3886198	8.4861686	La Taqueria	Altstetterstrasse	140a	8048	Zürich	mexican	https://www.lataqueria.ch/
47.3548905	8.5332007	Clubhaus TC Belvoir	Strandbadweg	15	8002	Zürich		
47.3971207	8.5496060	Cafeteria Atrium						
47.3513060	8.5101719	Panorama Stube						http://www.panorama-stube.ch/
47.3669189	8.4973222	Stadtspital Triemli Restaurant						
47.3623760	8.5100919	Swisscom Restaurant Binz	Binzring	17	8045	Zürich	regional	http://swisscom-binz.sv-restaurant.ch/
47.3617286	8.5104726	Swiss Life Restaurant Binz49	Grubenstrasse	49	8022	Zürich		https://zfv.ch/de/microsites/swiss-life-restaurant-binz49/
47.3630556	8.5165345	Haferl & Seidl						
47.4094180	8.5504193						barbeque	https://rennbahn-oerlikon.ch/restauration/
